<?xml version = '1.0' encoding = 'UTF-8'?>
<FKIndexAssociation class="oracle.dbtools.crest.model.design.relational.FKIndexAssociation" directorySegmentName="seg_0" id="01E1D1E2-1ACA-F9AE-6D4F-1E1F63712469" containerWithKeyObject="92A8E6FE-42C6-7447-F31A-8F136E6696E0" localFKIndex="A2D9DBEB-D84A-311E-E36B-C43E6D6C394C" name="MUNICIPALITY_PROVINCE_FK">
<createdBy>student</createdBy>
<createdTime>2025-02-22 07:01:39 UTC</createdTime>
<generatorID>AECEFB10-FEDA-D1FB-E96F-CB6BDDB4D2B1</generatorID>
<ownerDesignName>ALDEN DB MODEL</ownerDesignName>
<referredTableLongName>PROVINCE</referredTableLongName>
<deleteRule>NO ACTION</deleteRule>
<referredTableID>163AB8D8-12A6-099E-EED9-CE948FF5F721</referredTableID>
<keyObject>B5318423-F954-66CD-B26E-BE51A5812708</keyObject>
<referredKeyID>B5318423-F954-66CD-B26E-BE51A5812708</referredKeyID>
<mandatory>true</mandatory>
<refColNames>PROV_PSGC,REGION_REG_PSGC</refColNames>
<transferable>true</transferable>
<rely>false</rely>
<columnDependencyConstraintGenerateInDDL>true</columnDependencyConstraintGenerateInDDL>
</FKIndexAssociation>