<?xml version = '1.0' encoding = 'UTF-8'?>
<FKIndexAssociation class="oracle.dbtools.crest.model.design.relational.FKIndexAssociation" directorySegmentName="seg_0" id="08BECE0C-0BD9-8BCF-B91B-452B322EFE25" containerWithKeyObject="AB217997-7A20-10C0-513D-A833A8113B71" localFKIndex="BB00AB1E-0EE1-9E05-3A13-027300383EFE" name="PAYROLL_DETAIL_BENEFICIARY_FK">
<createdBy>student</createdBy>
<createdTime>2025-02-22 07:01:39 UTC</createdTime>
<generatorID>73A062B2-051D-5154-1A44-639A52E5670E</generatorID>
<ownerDesignName>ALDEN DB MODEL</ownerDesignName>
<referredTableLongName>BENEFICIARY</referredTableLongName>
<deleteRule>NO ACTION</deleteRule>
<referredTableID>EDD7DB01-3A4D-162A-48F2-A3370FB9998F</referredTableID>
<keyObject>DB696471-C75A-2C32-3E43-89AB7EA7B537</keyObject>
<referredKeyID>DB696471-C75A-2C32-3E43-89AB7EA7B537</referredKeyID>
<mandatory>true</mandatory>
<refColNames>ID,BARANGAY_BRGY_PSGC,BARANGAY_MUNICIPALITY_MUNI_PSGC,BARANGAY_MUNICIPALITY_ASSIGNMENT_MUNI_PSGC,BARANGAY_MUNICIPALITY_PROVINCE_PROV_PSGC,BARANGAY_MUNICIPALITY_PROVINCE_REG_PSGC1</refColNames>
<transferable>true</transferable>
<rely>false</rely>
<columnDependencyConstraintGenerateInDDL>true</columnDependencyConstraintGenerateInDDL>
</FKIndexAssociation>