<?xml version = '1.0' encoding = 'UTF-8'?>
<FKIndexAssociation class="oracle.dbtools.crest.model.design.relational.FKIndexAssociation" directorySegmentName="seg_0" id="0A14482E-4BEC-BAAC-BEC2-0B8CAED35D4F" containerWithKeyObject="2674934B-2913-7B93-63E1-F0B20BE17294" localFKIndex="B7721C11-CCCB-1C3C-79F4-CA900B40728B" name="ASSIGNMENT_EMPLOYEE_FK">
<createdBy>student</createdBy>
<createdTime>2025-02-22 07:01:39 UTC</createdTime>
<generatorID>451EDC50-691F-DC8A-3AAA-46EB2E6EC0ED</generatorID>
<ownerDesignName>ALDEN DB MODEL</ownerDesignName>
<referredTableLongName>EMPLOYEE</referredTableLongName>
<deleteRule>NO ACTION</deleteRule>
<referredTableID>9E9A677C-5EC9-D6A9-D40B-88C58E4D0B13</referredTableID>
<keyObject>2E850790-D54A-75B7-115F-A7220649289C</keyObject>
<referredKeyID>2E850790-D54A-75B7-115F-A7220649289C</referredKeyID>
<mandatory>true</mandatory>
<refColNames>ID,POSITION_ID2</refColNames>
<transferable>true</transferable>
<rely>false</rely>
<columnDependencyConstraintGenerateInDDL>true</columnDependencyConstraintGenerateInDDL>
</FKIndexAssociation>