<?xml version = '1.0' encoding = 'UTF-8'?>
<FKIndexAssociation class="oracle.dbtools.crest.model.design.relational.FKIndexAssociation" directorySegmentName="seg_0" id="19905E50-A071-E243-CC7D-14F6F707C7E6" containerWithKeyObject="163AB8D8-12A6-099E-EED9-CE948FF5F721" localFKIndex="2BA084D8-5D0C-3927-1520-DEA77BEA38EF" name="PROVINCE_REGION_FK">
<createdBy>student</createdBy>
<createdTime>2025-02-22 07:01:39 UTC</createdTime>
<generatorID>26C4987B-3144-6BC3-2B88-8C3A41C2115C</generatorID>
<ownerDesignName>ALDEN DB MODEL</ownerDesignName>
<referredTableLongName>REGION</referredTableLongName>
<deleteRule>NO ACTION</deleteRule>
<referredTableID>50EDDFD4-3576-524A-AE08-2E51A2A49511</referredTableID>
<keyObject>1E2BCD46-35BC-E9F7-28A3-F66997B49987</keyObject>
<referredKeyID>1E2BCD46-35BC-E9F7-28A3-F66997B49987</referredKeyID>
<mandatory>true</mandatory>
<refColNames>REG_PSGC</refColNames>
<transferable>true</transferable>
<rely>false</rely>
<columnDependencyConstraintGenerateInDDL>true</columnDependencyConstraintGenerateInDDL>
</FKIndexAssociation>