<?xml version = '1.0' encoding = 'UTF-8'?>
<FKIndexAssociation class="oracle.dbtools.crest.model.design.relational.FKIndexAssociation" directorySegmentName="seg_0" id="1CA97A43-06C9-CAB1-A8B4-17B538859E96" containerWithKeyObject="EDD7DB01-3A4D-162A-48F2-A3370FB9998F" localFKIndex="41468629-D027-6C9D-F26A-DF5733369F5C" name="BENEFICIARY_BARANGAY_FK">
<createdBy>student</createdBy>
<createdTime>2025-02-22 07:01:39 UTC</createdTime>
<generatorID>3090ED04-8C4E-282A-DC80-EAE822E22A03</generatorID>
<ownerDesignName>ALDEN DB MODEL</ownerDesignName>
<referredTableLongName>BARANGAY</referredTableLongName>
<deleteRule>NO ACTION</deleteRule>
<referredTableID>CA1422C2-C8C9-A87C-DF10-4A5B6C97E538</referredTableID>
<keyObject>E071414B-A6F4-6EC2-42E3-FFF130FA454A</keyObject>
<referredKeyID>E071414B-A6F4-6EC2-42E3-FFF130FA454A</referredKeyID>
<mandatory>true</mandatory>
<refColNames>BRGY_PSGC,MUNICIPALITY_MUNI_PSGC,MUNICIPALITY_ASSIGNMENT_MUNI_PSGC,MUNICIPALITY_PROVINCE_PROV_PSGC,MUNICIPALITY_PROVINCE_REG_PSGC1</refColNames>
<transferable>true</transferable>
<rely>false</rely>
<columnDependencyConstraintGenerateInDDL>true</columnDependencyConstraintGenerateInDDL>
</FKIndexAssociation>