<?xml version = '1.0' encoding = 'UTF-8'?>
<FKIndexAssociation class="oracle.dbtools.crest.model.design.relational.FKIndexAssociation" directorySegmentName="seg_0" id="368CF6C1-71EA-605D-0FD1-FE9AE7333549" containerWithKeyObject="F7E704C3-C4A2-6E65-BE29-BDACA53D6FF0" localFKIndex="5AC8580A-7BBE-E0BB-6C0F-7DF3D0317DC5" name="USER_ACCOUNT_USER_GROUP_FK">
<createdBy>student</createdBy>
<createdTime>2025-02-22 07:01:39 UTC</createdTime>
<generatorID>779B6AEC-E6DD-D0C2-08E7-D97A65419EA3</generatorID>
<ownerDesignName>ALDEN DB MODEL</ownerDesignName>
<referredTableLongName>USER_GROUP</referredTableLongName>
<deleteRule>NO ACTION</deleteRule>
<referredTableID>F277EDD2-4F1C-002D-18FC-50DC40F3C8A7</referredTableID>
<keyObject>F0AB9D50-19C5-564C-9151-DE4476845894</keyObject>
<referredKeyID>F0AB9D50-19C5-564C-9151-DE4476845894</referredKeyID>
<mandatory>true</mandatory>
<refColNames>GROUP_ID</refColNames>
<transferable>true</transferable>
<rely>false</rely>
<columnDependencyConstraintGenerateInDDL>true</columnDependencyConstraintGenerateInDDL>
</FKIndexAssociation>