<?xml version = '1.0' encoding = 'UTF-8'?>
<FKIndexAssociation class="oracle.dbtools.crest.model.design.relational.FKIndexAssociation" directorySegmentName="seg_0" id="46CCE961-ECF5-0166-2917-A0E6BCFE250E" containerWithKeyObject="CA2433D9-8A15-930B-1C5D-BEED98B3445D" localFKIndex="CA7A0BD6-3F92-3E8A-6E90-117AFE482CB2" name="GROUP_ROLE_USER_GROUP_FK">
<createdBy>student</createdBy>
<createdTime>2025-02-22 07:01:39 UTC</createdTime>
<generatorID>BED9ABE7-B652-E5F7-3C0F-3F3BA3BCD331</generatorID>
<ownerDesignName>ALDEN DB MODEL</ownerDesignName>
<referredTableLongName>USER_GROUP</referredTableLongName>
<deleteRule>NO ACTION</deleteRule>
<referredTableID>F277EDD2-4F1C-002D-18FC-50DC40F3C8A7</referredTableID>
<keyObject>F0AB9D50-19C5-564C-9151-DE4476845894</keyObject>
<referredKeyID>F0AB9D50-19C5-564C-9151-DE4476845894</referredKeyID>
<mandatory>true</mandatory>
<refColNames>GROUP_ID</refColNames>
<transferable>true</transferable>
<rely>false</rely>
<columnDependencyConstraintGenerateInDDL>true</columnDependencyConstraintGenerateInDDL>
</FKIndexAssociation>