<?xml version = '1.0' encoding = 'UTF-8'?>
<FKIndexAssociation class="oracle.dbtools.crest.model.design.relational.FKIndexAssociation" directorySegmentName="seg_0" id="8A5F09D5-5170-6489-5DF7-0CEFF8EC8240" containerWithKeyObject="99910FCE-00D3-9026-42D9-B40EB6D85D05" localFKIndex="BB1EFC87-7C77-E60D-4858-615AEB511D26" name="PAYROLL_lib_fund_source_FK">
<createdBy>student</createdBy>
<createdTime>2025-02-22 07:01:39 UTC</createdTime>
<generatorID>7648934B-B220-F31E-15D4-9214FBE7C63A</generatorID>
<ownerDesignName>ALDEN DB MODEL</ownerDesignName>
<referredTableLongName>lib_fund_source</referredTableLongName>
<deleteRule>NO ACTION</deleteRule>
<referredTableID>362A1952-DEC4-A608-2124-23D496E8C590</referredTableID>
<keyObject>E77F241D-41DB-02A2-70F7-73276598D45B</keyObject>
<referredKeyID>E77F241D-41DB-02A2-70F7-73276598D45B</referredKeyID>
<mandatory>true</mandatory>
<refColNames>ID</refColNames>
<transferable>true</transferable>
<rely>false</rely>
<columnDependencyConstraintGenerateInDDL>true</columnDependencyConstraintGenerateInDDL>
</FKIndexAssociation>