<?xml version = '1.0' encoding = 'UTF-8'?>
<FKIndexAssociation class="oracle.dbtools.crest.model.design.relational.FKIndexAssociation" directorySegmentName="seg_0" id="8DED7D0C-EA65-E1E9-9959-B111AFB45B0A" containerWithKeyObject="78DFFAC8-7079-97D5-553A-56EDF178C0E4" localFKIndex="F9D9E694-9426-A13D-D42B-790443808FD5" name="PAYROLL_STATUS_EMPLOYEE_FKv1">
<createdBy>student</createdBy>
<createdTime>2025-02-22 07:01:39 UTC</createdTime>
<generatorID>50DCDFE2-D4F0-CA2A-439F-6E59A7763DB2</generatorID>
<ownerDesignName>ALDEN DB MODEL</ownerDesignName>
<referredTableLongName>EMPLOYEE</referredTableLongName>
<deleteRule>NO ACTION</deleteRule>
<referredTableID>9E9A677C-5EC9-D6A9-D40B-88C58E4D0B13</referredTableID>
<keyObject>2E850790-D54A-75B7-115F-A7220649289C</keyObject>
<referredKeyID>2E850790-D54A-75B7-115F-A7220649289C</referredKeyID>
<mandatory>false</mandatory>
<refColNames>ID,ID1</refColNames>
<transferable>true</transferable>
<rely>false</rely>
<columnDependencyConstraintGenerateInDDL>true</columnDependencyConstraintGenerateInDDL>
</FKIndexAssociation>