<?xml version = '1.0' encoding = 'UTF-8'?>
<FKIndexAssociation class="oracle.dbtools.crest.model.design.relational.FKIndexAssociation" directorySegmentName="seg_0" id="91D86409-9A2F-9E0D-2FBA-A7E1C8006BF0" containerWithKeyObject="78DFFAC8-7079-97D5-553A-56EDF178C0E4" localFKIndex="839B27C6-1B51-333C-B49A-312C28CFFDB8" name="PAYROLL_STATUS_EMPLOYEE_FK">
<createdBy>student</createdBy>
<createdTime>2025-02-22 07:01:39 UTC</createdTime>
<generatorID>439B564D-D30C-CD3B-EFD7-31C77592F3D3</generatorID>
<ownerDesignName>ALDEN DB MODEL</ownerDesignName>
<referredTableLongName>EMPLOYEE</referredTableLongName>
<deleteRule>NO ACTION</deleteRule>
<referredTableID>9E9A677C-5EC9-D6A9-D40B-88C58E4D0B13</referredTableID>
<keyObject>2E850790-D54A-75B7-115F-A7220649289C</keyObject>
<referredKeyID>2E850790-D54A-75B7-115F-A7220649289C</referredKeyID>
<mandatory>true</mandatory>
<refColNames>ID,POSITION_ID2</refColNames>
<transferable>true</transferable>
<rely>false</rely>
<columnDependencyConstraintGenerateInDDL>true</columnDependencyConstraintGenerateInDDL>
</FKIndexAssociation>