<?xml version = '1.0' encoding = 'UTF-8'?>
<FKIndexAssociation class="oracle.dbtools.crest.model.design.relational.FKIndexAssociation" directorySegmentName="seg_0" id="B438985F-82F1-6E1F-4199-1C4740DED450" containerWithKeyObject="F7E704C3-C4A2-6E65-BE29-BDACA53D6FF0" localFKIndex="47724EDA-A62A-A4DE-9D11-4C29A781B09D" name="USER_ACCOUNT_EMPLOYEE_FK">
<createdBy>student</createdBy>
<createdTime>2025-02-23 02:29:20 UTC</createdTime>
<generatorID>371CD572-A210-E707-CBFE-6E590A4D1BE6</generatorID>
<ownerDesignName>ALDEN DB MODEL</ownerDesignName>
<referredTableLongName>EMPLOYEE</referredTableLongName>
<deleteRule>NO ACTION</deleteRule>
<referredTableID>9E9A677C-5EC9-D6A9-D40B-88C58E4D0B13</referredTableID>
<keyObject>2E850790-D54A-75B7-115F-A7220649289C</keyObject>
<referredKeyID>2E850790-D54A-75B7-115F-A7220649289C</referredKeyID>
<mandatory>true</mandatory>
<refColNames>ID,ID1</refColNames>
<transferable>true</transferable>
<rely>false</rely>
<columnDependencyConstraintGenerateInDDL>true</columnDependencyConstraintGenerateInDDL>
</FKIndexAssociation>