<?xml version = '1.0' encoding = 'UTF-8'?>
<FKIndexAssociation class="oracle.dbtools.crest.model.design.relational.FKIndexAssociation" directorySegmentName="seg_0" id="BB7D25F0-03F7-2E42-C016-A5481F116191" containerWithKeyObject="9E9A677C-5EC9-D6A9-D40B-88C58E4D0B13" localFKIndex="FB2EC332-AB81-7E8D-45F1-0F75D8B0A669" name="EMPLOYEE_POSITION_FK">
<createdBy>student</createdBy>
<createdTime>2025-02-22 07:01:39 UTC</createdTime>
<generatorID>604CA257-6EAA-3AE9-A69D-1FE79F9949EA</generatorID>
<ownerDesignName>ALDEN DB MODEL</ownerDesignName>
<referredTableLongName>POSITION</referredTableLongName>
<deleteRule>NO ACTION</deleteRule>
<referredTableID>BA787ADA-E2B2-F041-845A-83094869D016</referredTableID>
<keyObject>246A8463-84C2-A336-60AD-BAB0AEBEF511</keyObject>
<referredKeyID>246A8463-84C2-A336-60AD-BAB0AEBEF511</referredKeyID>
<mandatory>true</mandatory>
<refColNames>ID</refColNames>
<transferable>true</transferable>
<rely>false</rely>
<columnDependencyConstraintGenerateInDDL>true</columnDependencyConstraintGenerateInDDL>
</FKIndexAssociation>