<?xml version = '1.0' encoding = 'UTF-8'?>
<FKIndexAssociation class="oracle.dbtools.crest.model.design.relational.FKIndexAssociation" directorySegmentName="seg_0" id="C91AF8AE-FAAB-EB3E-3D32-F1461AAC7B41" containerWithKeyObject="78DFFAC8-7079-97D5-553A-56EDF178C0E4" localFKIndex="D0EEF9C9-4BDC-22AB-F930-5374D6D96AFF" name="PAYROLL_STATUS_EMPLOYEE_FKv3">
<createdBy>student</createdBy>
<createdTime>2025-02-22 07:01:39 UTC</createdTime>
<generatorID>CC70BB2B-BB5D-79AA-886B-BEE55191F9F3</generatorID>
<ownerDesignName>ALDEN DB MODEL</ownerDesignName>
<referredTableLongName>EMPLOYEE</referredTableLongName>
<deleteRule>NO ACTION</deleteRule>
<referredTableID>9E9A677C-5EC9-D6A9-D40B-88C58E4D0B13</referredTableID>
<keyObject>2E850790-D54A-75B7-115F-A7220649289C</keyObject>
<referredKeyID>2E850790-D54A-75B7-115F-A7220649289C</referredKeyID>
<mandatory>false</mandatory>
<refColNames>ID,ID1</refColNames>
<transferable>true</transferable>
<rely>false</rely>
<columnDependencyConstraintGenerateInDDL>true</columnDependencyConstraintGenerateInDDL>
</FKIndexAssociation>