<?xml version = '1.0' encoding = 'UTF-8'?>
<FKIndexAssociation class="oracle.dbtools.crest.model.design.relational.FKIndexAssociation" directorySegmentName="seg_0" id="C9BBD113-C8FA-B3DF-F2BA-57CB95E7AC0B" containerWithKeyObject="AB217997-7A20-10C0-513D-A833A8113B71" localFKIndex="0BD83D8A-12F2-7784-490E-025D7BC6B83E" name="PAYROLL_DETAIL_PAYROLL_FK">
<createdBy>student</createdBy>
<createdTime>2025-02-22 07:01:39 UTC</createdTime>
<generatorID>28D2EE26-5D46-92DD-33A4-E9B01B4A4378</generatorID>
<ownerDesignName>ALDEN DB MODEL</ownerDesignName>
<referredTableLongName>PAYROLL</referredTableLongName>
<deleteRule>NO ACTION</deleteRule>
<referredTableID>99910FCE-00D3-9026-42D9-B40EB6D85D05</referredTableID>
<keyObject>FF6670FA-213C-6551-FEA7-E0323EEEE241</keyObject>
<referredKeyID>FF6670FA-213C-6551-FEA7-E0323EEEE241</referredKeyID>
<mandatory>true</mandatory>
<refColNames>ID,lib_fund_source_ID</refColNames>
<transferable>true</transferable>
<rely>false</rely>
<columnDependencyConstraintGenerateInDDL>true</columnDependencyConstraintGenerateInDDL>
</FKIndexAssociation>