<?xml version = '1.0' encoding = 'UTF-8'?>
<FKIndexAssociation class="oracle.dbtools.crest.model.design.relational.FKIndexAssociation" directorySegmentName="seg_0" id="E76ECC83-CE94-221B-F106-AB3A474E784D" containerWithKeyObject="CA2433D9-8A15-930B-1C5D-BEED98B3445D" localFKIndex="4535BD91-8967-B24D-F07E-DE21A7D20EAB" name="GROUP_ROLE_ACCESS_ROLE_FK">
<createdBy>student</createdBy>
<createdTime>2025-02-22 07:01:39 UTC</createdTime>
<generatorID>8372D8A4-B210-AC88-B53F-0A53B5E67650</generatorID>
<ownerDesignName>ALDEN DB MODEL</ownerDesignName>
<referredTableLongName>ACCESS_ROLE</referredTableLongName>
<deleteRule>NO ACTION</deleteRule>
<referredTableID>0660FA52-B414-EDBA-BA53-CDC7D9A09B96</referredTableID>
<keyObject>FB76F0E3-9CDD-0550-DB4F-9B120E6DD09C</keyObject>
<referredKeyID>FB76F0E3-9CDD-0550-DB4F-9B120E6DD09C</referredKeyID>
<mandatory>true</mandatory>
<refColNames>ROLE_ID</refColNames>
<transferable>true</transferable>
<rely>false</rely>
<columnDependencyConstraintGenerateInDDL>true</columnDependencyConstraintGenerateInDDL>
</FKIndexAssociation>