<?xml version = '1.0' encoding = 'UTF-8'?>
<FKIndexAssociation class="oracle.dbtools.crest.model.design.relational.FKIndexAssociation" directorySegmentName="seg_0" id="ED577C56-E1AB-01E5-45AA-9C2C38496AB0" containerWithKeyObject="92A8E6FE-42C6-7447-F31A-8F136E6696E0" localFKIndex="7F8832FA-9E46-8A01-E278-3401C536EEB3" name="MUNICIPALITY_ASSIGNMENT_FK">
<createdBy>student</createdBy>
<createdTime>2025-02-22 07:01:39 UTC</createdTime>
<generatorID>2BE2A03F-C6E9-A661-2DFA-50D5227CF111</generatorID>
<ownerDesignName>ALDEN DB MODEL</ownerDesignName>
<referredTableLongName>ASSIGNMENT</referredTableLongName>
<deleteRule>NO ACTION</deleteRule>
<referredTableID>2674934B-2913-7B93-63E1-F0B20BE17294</referredTableID>
<keyObject>CF894038-6164-2C92-C20A-9EA9FE524B2A</keyObject>
<referredKeyID>CF894038-6164-2C92-C20A-9EA9FE524B2A</referredKeyID>
<mandatory>true</mandatory>
<refColNames>MUNI_PSGC</refColNames>
<transferable>true</transferable>
<rely>false</rely>
<columnDependencyConstraintGenerateInDDL>true</columnDependencyConstraintGenerateInDDL>
</FKIndexAssociation>