<?xml version = '1.0' encoding = 'UTF-8'?>
<FKIndexAssociation class="oracle.dbtools.crest.model.design.relational.FKIndexAssociation" directorySegmentName="seg_0" id="EEFA727B-80CE-21C3-AD6A-196F394657D2" containerWithKeyObject="9E9A677C-5EC9-D6A9-D40B-88C58E4D0B13" localFKIndex="DA5C6F1E-240A-7BBB-073C-B15691BAA964" name="EMPLOYEE_USER_ACCOUNT_FK">
<createdBy>student</createdBy>
<createdTime>2025-02-23 02:29:20 UTC</createdTime>
<generatorID>371CD572-A210-E707-CBFE-6E590A4D1BE6</generatorID>
<ownerDesignName>ALDEN DB MODEL</ownerDesignName>
<referredTableLongName>USER_ACCOUNT</referredTableLongName>
<deleteRule>NO ACTION</deleteRule>
<referredTableID>F7E704C3-C4A2-6E65-BE29-BDACA53D6FF0</referredTableID>
<keyObject>DFA91D71-0F33-B7D5-05D8-B22B0CFEE41E</keyObject>
<referredKeyID>DFA91D71-0F33-B7D5-05D8-B22B0CFEE41E</referredKeyID>
<mandatory>true</mandatory>
<refColNames>EMPLOYEE_ID</refColNames>
<transferable>true</transferable>
<rely>false</rely>
<columnDependencyConstraintGenerateInDDL>true</columnDependencyConstraintGenerateInDDL>
</FKIndexAssociation>