<?xml version = '1.0' encoding = 'UTF-8'?>
<FKIndexAssociation class="oracle.dbtools.crest.model.design.relational.FKIndexAssociation" directorySegmentName="seg_0" id="FE11F239-192E-2943-2652-D32798BAE14A" containerWithKeyObject="CA1422C2-C8C9-A87C-DF10-4A5B6C97E538" localFKIndex="AEAFB012-25BE-1698-8DAB-9F839248505F" name="BARANGAY_MUNICIPALITY_FK">
<createdBy>student</createdBy>
<createdTime>2025-02-22 07:01:39 UTC</createdTime>
<generatorID>69EFCA6B-A989-5D9D-F365-09CBD7DB0C53</generatorID>
<ownerDesignName>ALDEN DB MODEL</ownerDesignName>
<referredTableLongName>MUNICIPALITY</referredTableLongName>
<deleteRule>NO ACTION</deleteRule>
<referredTableID>92A8E6FE-42C6-7447-F31A-8F136E6696E0</referredTableID>
<keyObject>73D129A9-4341-314D-7E37-3D9775715C52</keyObject>
<referredKeyID>73D129A9-4341-314D-7E37-3D9775715C52</referredKeyID>
<mandatory>true</mandatory>
<refColNames>MUNI_PSGC,ASSIGNMENT_MUNI_PSGC,PROVINCE_PROV_PSGC,PROVINCE_REG_PSGC1</refColNames>
<transferable>true</transferable>
<rely>false</rely>
<columnDependencyConstraintGenerateInDDL>true</columnDependencyConstraintGenerateInDDL>
</FKIndexAssociation>