<?xml version = '1.0' encoding = 'UTF-8'?>
<Table class="oracle.dbtools.crest.model.design.relational.Table" directorySegmentName="seg_0" id="163AB8D8-12A6-099E-EED9-CE948FF5F721" name="PROVINCE">
<createdBy>student</createdBy>
<createdTime>2025-02-22 07:01:39 UTC</createdTime>
<generatorID>936F92EC-BE63-EBE9-7152-D60A6F2C0AF8</generatorID>
<ownerDesignName>ALDEN DB MODEL</ownerDesignName>
<allowColumnReorder>false</allowColumnReorder>
<existDependencyGenerateInDDl>true</existDependencyGenerateInDDl>
<parsed>true</parsed>
<columns itemClass="oracle.dbtools.crest.model.design.relational.Column">
<Column name="PROV_PSGC" id="175D6C54-964E-84E7-51A1-A0C83089F5E0">
<createdBy>student</createdBy>
<createdTime>2025-02-22 07:01:39 UTC</createdTime>
<generatorID>C40BACA7-3E7B-7216-5986-C2FF2E560A0B</generatorID>
<ownerDesignName>ALDEN DB MODEL</ownerDesignName>
<useDomainConstraints>false</useDomainConstraints>
<use>1</use>
<logicalDatatype>LOGDT011</logicalDatatype>
<ownDataTypeParameters>,,</ownDataTypeParameters>
<autoIncrementCycle>false</autoIncrementCycle>
</Column>
<Column name="PROVINCE" id="78FD827B-0509-6B57-CF98-9256922366DA">
<createdBy>student</createdBy>
<createdTime>2025-02-22 07:01:39 UTC</createdTime>
<generatorID>AADA1269-BF3F-4A2C-4948-9FBF509AEA50</generatorID>
<ownerDesignName>ALDEN DB MODEL</ownerDesignName>
<useDomainConstraints>false</useDomainConstraints>
<use>1</use>
<logicalDatatype>LOGDT024</logicalDatatype>
<dataTypeSize>20</dataTypeSize>
<ownDataTypeParameters>20,,</ownDataTypeParameters>
<autoIncrementCycle>false</autoIncrementCycle>
</Column>
<Column name="REG_PSGC" id="C583769D-8688-13BD-FB89-07C78BCCCAB5">
<createdBy>student</createdBy>
<createdTime>2025-02-22 07:01:39 UTC</createdTime>
<generatorID>429C34FE-F405-9AFD-522C-A00A22C3A0DF</generatorID>
<ownerDesignName>ALDEN DB MODEL</ownerDesignName>
<useDomainConstraints>false</useDomainConstraints>
<use>1</use>
<logicalDatatype>LOGDT011</logicalDatatype>
<ownDataTypeParameters>,,</ownDataTypeParameters>
<autoIncrementCycle>false</autoIncrementCycle>
</Column>
<Column name="REG_PSGC1" id="6CEBF95F-C0AE-CA24-0AF3-4E8ED310573B">
<createdBy>student</createdBy>
<createdTime>2025-02-22 07:01:39 UTC</createdTime>
<generatorID>D5FEE1BC-3DD8-6E53-6C95-244F77088079</generatorID>
<ownerDesignName>ALDEN DB MODEL</ownerDesignName>
<useDomainConstraints>false</useDomainConstraints>
<use>1</use>
<logicalDatatype>LOGDT011</logicalDatatype>
<ownDataTypeParameters>,,</ownDataTypeParameters>
<previousColumn>false</previousColumn>
<autoIncrementCycle>false</autoIncrementCycle>
<associations>
<colAssociation fkAssociation="19905E50-A071-E243-CC7D-14F6F707C7E6" referredColumn="2803E793-B587-2C36-D34E-B573A1F8B375"/>
</associations>
</Column>
</columns>
<indexes itemClass="oracle.dbtools.crest.model.design.relational.Index">
<ind_PK_UK id="B5318423-F954-66CD-B26E-BE51A5812708" name="PROVINCE_PK">
<createdBy>student</createdBy>
<createdTime>2025-02-22 07:01:39 UTC</createdTime>
<generatorID>F4B54567-6C50-C689-16AC-017696CA906E</generatorID>
<ownerDesignName>ALDEN DB MODEL</ownerDesignName>
<pk>true</pk>
<indexState>Primary Constraint</indexState>
<isSurrogateKey>false</isSurrogateKey>
<indexColumnUsage>
<colUsage columnID="175D6C54-964E-84E7-51A1-A0C83089F5E0"/>
<colUsage columnID="6CEBF95F-C0AE-CA24-0AF3-4E8ED310573B"/>
</indexColumnUsage>
</ind_PK_UK>
<ind_PK_UK id="76CCE78C-EE41-FB0E-C38D-EA2E2E5171EF" name="PROVINCE_REG_PSGC_UN">
<createdBy>student</createdBy>
<createdTime>2025-02-22 07:01:39 UTC</createdTime>
<generatorID>5193A737-5B56-1897-611A-CB3C4EF917CC</generatorID>
<ownerDesignName>ALDEN DB MODEL</ownerDesignName>
<indexState>Unique Constraint</indexState>
<isSurrogateKey>false</isSurrogateKey>
<indexColumnUsage>
<colUsage columnID="C583769D-8688-13BD-FB89-07C78BCCCAB5"/>
</indexColumnUsage>
</ind_PK_UK>
<ind_PK_UK id="2BA084D8-5D0C-3927-1520-DEA77BEA38EF" name="PROVINCE_REGION_FK">
<createdBy>student</createdBy>
<createdTime>2025-02-22 07:01:39 UTC</createdTime>
<generatorID>26C4987B-3144-6BC3-2B88-8C3A41C2115C</generatorID>
<ownerDesignName>ALDEN DB MODEL</ownerDesignName>
<indexState>Foreign Key</indexState>
<isSurrogateKey>false</isSurrogateKey>
<indexColumnUsage>
<colUsage columnID="6CEBF95F-C0AE-CA24-0AF3-4E8ED310573B"/>
</indexColumnUsage>
</ind_PK_UK>
</indexes>
</Table>