<?xml version = '1.0' encoding = 'UTF-8'?>
<Table class="oracle.dbtools.crest.model.design.relational.Table" directorySegmentName="seg_0" id="2674934B-2913-7B93-63E1-F0B20BE17294" name="ASSIGNMENT">
<createdBy>student</createdBy>
<createdTime>2025-02-22 07:01:39 UTC</createdTime>
<generatorID>6CD88A36-F8F7-5F50-060A-33B4795F0E76</generatorID>
<ownerDesignName>ALDEN DB MODEL</ownerDesignName>
<abbreviation>ASS</abbreviation>
<allowColumnReorder>false</allowColumnReorder>
<existDependencyGenerateInDDl>true</existDependencyGenerateInDDl>
<parsed>true</parsed>
<columns itemClass="oracle.dbtools.crest.model.design.relational.Column">
<Column name="ID" id="F6958A71-BBE7-0AE2-37C6-23F982BDB537">
<createdBy>student</createdBy>
<createdTime>2025-02-22 07:01:39 UTC</createdTime>
<generatorID>F590A6B9-818A-0E0F-02F2-7B9A3375A30E</generatorID>
<ownerDesignName>ALDEN DB MODEL</ownerDesignName>
<useDomainConstraints>false</useDomainConstraints>
<use>1</use>
<logicalDatatype>LOGDT011</logicalDatatype>
<ownDataTypeParameters>,,</ownDataTypeParameters>
<autoIncrementCycle>false</autoIncrementCycle>
</Column>
<Column name="MUNI_PSGC" id="B79ABAD0-0F7C-D13F-EBEB-63893DB95A9F">
<createdBy>student</createdBy>
<createdTime>2025-02-22 07:01:39 UTC</createdTime>
<generatorID>CEFE259F-CE43-6507-A074-86E30367D95E</generatorID>
<ownerDesignName>ALDEN DB MODEL</ownerDesignName>
<useDomainConstraints>false</useDomainConstraints>
<use>1</use>
<logicalDatatype>LOGDT011</logicalDatatype>
<ownDataTypeParameters>,,</ownDataTypeParameters>
<autoIncrementCycle>false</autoIncrementCycle>
</Column>
<Column name="EMPLOYEE_ID" id="7C448A20-CEBF-C6CF-2753-32FA9DCB3BC2">
<createdBy>student</createdBy>
<createdTime>2025-02-22 07:01:39 UTC</createdTime>
<generatorID>0FB4D97A-DA77-E116-2215-41601A1BF4FF</generatorID>
<ownerDesignName>ALDEN DB MODEL</ownerDesignName>
<useDomainConstraints>false</useDomainConstraints>
<use>1</use>
<logicalDatatype>LOGDT011</logicalDatatype>
<ownDataTypeParameters>,,</ownDataTypeParameters>
<autoIncrementCycle>false</autoIncrementCycle>
</Column>
<Column name="ID1" id="44B71FCA-C12C-B882-1E31-D3459C0BDB1B">
<createdBy>student</createdBy>
<createdTime>2025-02-22 07:01:39 UTC</createdTime>
<generatorID>EDCB1690-21F4-CA40-DF14-70AD665CC609</generatorID>
<ownerDesignName>ALDEN DB MODEL</ownerDesignName>
<useDomainConstraints>false</useDomainConstraints>
<use>1</use>
<logicalDatatype>LOGDT011</logicalDatatype>
<ownDataTypeParameters>,,</ownDataTypeParameters>
<previousColumn>false</previousColumn>
<autoIncrementCycle>false</autoIncrementCycle>
<associations>
<colAssociation fkAssociation="0A14482E-4BEC-BAAC-BEC2-0B8CAED35D4F" referredColumn="5F27D6B0-9A85-FE41-4CF6-F668856E1687"/>
</associations>
</Column>
<Column name="ID11" id="01B3764C-A98E-BEA3-D8F4-4DB05BD03045">
<createdBy>student</createdBy>
<createdTime>2025-02-22 07:01:39 UTC</createdTime>
<generatorID>FB63A802-8867-7E87-DDEE-00FB96D7065A</generatorID>
<ownerDesignName>ALDEN DB MODEL</ownerDesignName>
<useDomainConstraints>false</useDomainConstraints>
<use>1</use>
<logicalDatatype>LOGDT011</logicalDatatype>
<ownDataTypeParameters>,,</ownDataTypeParameters>
<previousColumn>false</previousColumn>
<autoIncrementCycle>false</autoIncrementCycle>
<associations>
<colAssociation fkAssociation="0A14482E-4BEC-BAAC-BEC2-0B8CAED35D4F" referredColumn="189DB809-DEF3-BB9E-7A8C-79579A749D08"/>
</associations>
</Column>
</columns>
<indexes itemClass="oracle.dbtools.crest.model.design.relational.Index">
<ind_PK_UK id="AC57D568-4A41-C88B-2D96-DCF78E8083E4" name="ASSIGNMENT_PK">
<createdBy>student</createdBy>
<createdTime>2025-02-22 07:01:39 UTC</createdTime>
<generatorID>FD746F16-6D9F-114A-F637-F9B0CE2455F4</generatorID>
<ownerDesignName>ALDEN DB MODEL</ownerDesignName>
<pk>true</pk>
<indexState>Primary Constraint</indexState>
<isSurrogateKey>false</isSurrogateKey>
<indexColumnUsage>
<colUsage columnID="F6958A71-BBE7-0AE2-37C6-23F982BDB537"/>
<colUsage columnID="44B71FCA-C12C-B882-1E31-D3459C0BDB1B"/>
<colUsage columnID="01B3764C-A98E-BEA3-D8F4-4DB05BD03045"/>
</indexColumnUsage>
</ind_PK_UK>
<ind_PK_UK id="1E109405-D406-C6CD-BA92-F21C75DAC594" name="ASSIGNMENT_EMPLOYEE_ID_UN">
<createdBy>student</createdBy>
<createdTime>2025-02-22 07:01:39 UTC</createdTime>
<generatorID>A5B3A137-AD89-6FD4-C9D2-BE6070740A4B</generatorID>
<ownerDesignName>ALDEN DB MODEL</ownerDesignName>
<indexState>Unique Constraint</indexState>
<isSurrogateKey>false</isSurrogateKey>
<indexColumnUsage>
<colUsage columnID="7C448A20-CEBF-C6CF-2753-32FA9DCB3BC2"/>
</indexColumnUsage>
</ind_PK_UK>
<ind_PK_UK id="CF894038-6164-2C92-C20A-9EA9FE524B2A" name="ASSIGNMENT_MUNI_PSGC_UN">
<createdBy>student</createdBy>
<createdTime>2025-02-22 07:01:39 UTC</createdTime>
<generatorID>8B015D20-260F-CF38-352F-542AE046EE51</generatorID>
<ownerDesignName>ALDEN DB MODEL</ownerDesignName>
<indexState>Unique Constraint</indexState>
<isSurrogateKey>false</isSurrogateKey>
<indexColumnUsage>
<colUsage columnID="B79ABAD0-0F7C-D13F-EBEB-63893DB95A9F"/>
</indexColumnUsage>
</ind_PK_UK>
<ind_PK_UK id="C1EE26D3-4FC6-0A6B-0A5F-48D9148C4874" name="ASSIGNMENT__IDX">
<createdBy>student</createdBy>
<createdTime>2025-02-22 07:01:39 UTC</createdTime>
<ownerDesignName>ALDEN DB MODEL</ownerDesignName>
<indexState>Unique Plain Index</indexState>
<isSurrogateKey>false</isSurrogateKey>
<relationGeneratorID>451EDC50-691F-DC8A-3AAA-46EB2E6EC0ED</relationGeneratorID>
<indexColumnUsage>
<colUsage columnID="44B71FCA-C12C-B882-1E31-D3459C0BDB1B"/>
<colUsage columnID="01B3764C-A98E-BEA3-D8F4-4DB05BD03045"/>
</indexColumnUsage>
</ind_PK_UK>
<ind_PK_UK id="B7721C11-CCCB-1C3C-79F4-CA900B40728B" name="ASSIGNMENT_EMPLOYEE_FK">
<createdBy>student</createdBy>
<createdTime>2025-02-22 07:01:39 UTC</createdTime>
<generatorID>451EDC50-691F-DC8A-3AAA-46EB2E6EC0ED</generatorID>
<ownerDesignName>ALDEN DB MODEL</ownerDesignName>
<indexState>Foreign Key</indexState>
<isSurrogateKey>false</isSurrogateKey>
<indexColumnUsage>
<colUsage columnID="44B71FCA-C12C-B882-1E31-D3459C0BDB1B"/>
<colUsage columnID="01B3764C-A98E-BEA3-D8F4-4DB05BD03045"/>
</indexColumnUsage>
</ind_PK_UK>
</indexes>
</Table>