<?xml version = '1.0' encoding = 'UTF-8'?>
<Table class="oracle.dbtools.crest.model.design.relational.Table" directorySegmentName="seg_0" id="50EDDFD4-3576-524A-AE08-2E51A2A49511" name="REGION">
<createdBy>student</createdBy>
<createdTime>2025-02-22 07:01:39 UTC</createdTime>
<generatorID>8AC60E4E-2816-4372-C99B-1A9449CA4066</generatorID>
<ownerDesignName>ALDEN DB MODEL</ownerDesignName>
<allowColumnReorder>false</allowColumnReorder>
<existDependencyGenerateInDDl>true</existDependencyGenerateInDDl>
<parsed>true</parsed>
<columns itemClass="oracle.dbtools.crest.model.design.relational.Column">
<Column name="REG_PSGC" id="2803E793-B587-2C36-D34E-B573A1F8B375">
<createdBy>student</createdBy>
<createdTime>2025-02-22 07:01:39 UTC</createdTime>
<generatorID>CE52FDC4-3AD0-8628-7CB5-A0138FF4DF61</generatorID>
<ownerDesignName>ALDEN DB MODEL</ownerDesignName>
<useDomainConstraints>false</useDomainConstraints>
<use>1</use>
<logicalDatatype>LOGDT011</logicalDatatype>
<ownDataTypeParameters>,,</ownDataTypeParameters>
<autoIncrementCycle>false</autoIncrementCycle>
</Column>
<Column name="REGION" id="95410C19-0C1F-079D-60D6-FD5502EC4482">
<createdBy>student</createdBy>
<createdTime>2025-02-22 07:01:39 UTC</createdTime>
<generatorID>0F2E9C15-1F2F-7B43-ECD0-82162171D42F</generatorID>
<ownerDesignName>ALDEN DB MODEL</ownerDesignName>
<useDomainConstraints>false</useDomainConstraints>
<use>1</use>
<logicalDatatype>LOGDT024</logicalDatatype>
<dataTypeSize>20</dataTypeSize>
<ownDataTypeParameters>20,,</ownDataTypeParameters>
<autoIncrementCycle>false</autoIncrementCycle>
</Column>
</columns>
<indexes itemClass="oracle.dbtools.crest.model.design.relational.Index">
<ind_PK_UK id="1E2BCD46-35BC-E9F7-28A3-F66997B49987" name="REGION_PK">
<createdBy>student</createdBy>
<createdTime>2025-02-22 07:01:39 UTC</createdTime>
<generatorID>0ABC091A-38A2-C9DF-DBF6-BB11376AF6E9</generatorID>
<ownerDesignName>ALDEN DB MODEL</ownerDesignName>
<pk>true</pk>
<indexState>Primary Constraint</indexState>
<isSurrogateKey>false</isSurrogateKey>
<indexColumnUsage>
<colUsage columnID="2803E793-B587-2C36-D34E-B573A1F8B375"/>
</indexColumnUsage>
</ind_PK_UK>
</indexes>
</Table>