<?xml version = '1.0' encoding = 'UTF-8'?>
<Table class="oracle.dbtools.crest.model.design.relational.Table" directorySegmentName="seg_0" id="78DFFAC8-7079-97D5-553A-56EDF178C0E4" name="PAYROLL_STATUS">
<createdBy>student</createdBy>
<createdTime>2025-02-22 07:01:39 UTC</createdTime>
<generatorID>67CEDCF7-7118-2A1D-3617-EED0C87A7D27</generatorID>
<ownerDesignName>ALDEN DB MODEL</ownerDesignName>
<abbreviation>ps</abbreviation>
<allowColumnReorder>false</allowColumnReorder>
<existDependencyGenerateInDDl>true</existDependencyGenerateInDDl>
<parsed>true</parsed>
<columns itemClass="oracle.dbtools.crest.model.design.relational.Column">
<Column name="ID" id="F8D34563-18B0-F6BE-9283-F057F947C9B8">
<createdBy>student</createdBy>
<createdTime>2025-02-22 07:01:39 UTC</createdTime>
<generatorID>DC2E004C-BB6D-58FC-24C8-E522968F6AFA</generatorID>
<ownerDesignName>ALDEN DB MODEL</ownerDesignName>
<useDomainConstraints>false</useDomainConstraints>
<use>1</use>
<logicalDatatype>LOGDT011</logicalDatatype>
<ownDataTypeParameters>,,</ownDataTypeParameters>
<autoIncrementCycle>false</autoIncrementCycle>
</Column>
<Column name="PAYROLL_ID" id="47A72261-50ED-4732-DF68-E8EF35FB5C96">
<createdBy>student</createdBy>
<createdTime>2025-02-22 07:01:39 UTC</createdTime>
<generatorID>6AE43467-8D33-5536-2A2F-6B157ED6C4BC</generatorID>
<ownerDesignName>ALDEN DB MODEL</ownerDesignName>
<useDomainConstraints>false</useDomainConstraints>
<use>1</use>
<logicalDatatype>LOGDT011</logicalDatatype>
<ownDataTypeParameters>,,</ownDataTypeParameters>
<autoIncrementCycle>false</autoIncrementCycle>
</Column>
<Column name="PREPARED_BY" id="B980E7DB-2A91-56D9-72BD-31FFA03C44BB">
<createdBy>student</createdBy>
<createdTime>2025-02-22 07:01:39 UTC</createdTime>
<generatorID>EE8FAD3A-6D2D-0476-5B4F-4F5FEAFA5461</generatorID>
<ownerDesignName>ALDEN DB MODEL</ownerDesignName>
<useDomainConstraints>false</useDomainConstraints>
<use>1</use>
<logicalDatatype>LOGDT011</logicalDatatype>
<ownDataTypeParameters>,,</ownDataTypeParameters>
<autoIncrementCycle>false</autoIncrementCycle>
</Column>
<Column name="PREPARED_dATE" id="48D8690F-69F0-851E-6323-94E3FB62D19B">
<createdBy>student</createdBy>
<createdTime>2025-02-22 07:01:39 UTC</createdTime>
<generatorID>FBD5F491-CC64-ED9C-5454-F59DB9CD4B53</generatorID>
<ownerDesignName>ALDEN DB MODEL</ownerDesignName>
<useDomainConstraints>false</useDomainConstraints>
<use>1</use>
<logicalDatatype>LOGDT007</logicalDatatype>
<ownDataTypeParameters>,,</ownDataTypeParameters>
<autoIncrementCycle>false</autoIncrementCycle>
</Column>
<Column name="RECOMMENDED_BY" id="D3F8CD38-A007-D656-6F94-3F09963CF46B">
<createdBy>student</createdBy>
<createdTime>2025-02-22 07:01:39 UTC</createdTime>
<generatorID>8662BF90-726A-B8C8-30BA-54553CD0FC81</generatorID>
<ownerDesignName>ALDEN DB MODEL</ownerDesignName>
<nullsAllowed>true</nullsAllowed>
<useDomainConstraints>false</useDomainConstraints>
<use>1</use>
<logicalDatatype>LOGDT011</logicalDatatype>
<ownDataTypeParameters>,,</ownDataTypeParameters>
<autoIncrementCycle>false</autoIncrementCycle>
</Column>
<Column name="RECOMMENDED_DATE" id="07E10166-D5FC-C208-863E-D2BC0C93BFDE">
<createdBy>student</createdBy>
<createdTime>2025-02-22 07:01:39 UTC</createdTime>
<generatorID>FD3E64C8-A2FB-3DA1-F4D0-FCC8698EDF55</generatorID>
<ownerDesignName>ALDEN DB MODEL</ownerDesignName>
<nullsAllowed>true</nullsAllowed>
<useDomainConstraints>false</useDomainConstraints>
<use>1</use>
<logicalDatatype>LOGDT007</logicalDatatype>
<ownDataTypeParameters>,,</ownDataTypeParameters>
<autoIncrementCycle>false</autoIncrementCycle>
</Column>
<Column name="APPROVED_BY" id="2584F3A4-9C5D-0192-6257-E1F87E419BAF">
<createdBy>student</createdBy>
<createdTime>2025-02-22 07:01:39 UTC</createdTime>
<generatorID>E10AC4B8-ABF4-6F46-AB78-8DC111916360</generatorID>
<ownerDesignName>ALDEN DB MODEL</ownerDesignName>
<nullsAllowed>true</nullsAllowed>
<useDomainConstraints>false</useDomainConstraints>
<use>1</use>
<logicalDatatype>LOGDT011</logicalDatatype>
<ownDataTypeParameters>,,</ownDataTypeParameters>
<autoIncrementCycle>false</autoIncrementCycle>
</Column>
<Column name="APPROVED_DATE" id="030E45BD-6A1C-447D-AF03-31D13B449975">
<createdBy>student</createdBy>
<createdTime>2025-02-22 07:01:39 UTC</createdTime>
<generatorID>1E3B7FC8-377F-2693-517D-47A6D872B943</generatorID>
<ownerDesignName>ALDEN DB MODEL</ownerDesignName>
<nullsAllowed>true</nullsAllowed>
<useDomainConstraints>false</useDomainConstraints>
<use>1</use>
<logicalDatatype>LOGDT007</logicalDatatype>
<ownDataTypeParameters>,,</ownDataTypeParameters>
<autoIncrementCycle>false</autoIncrementCycle>
</Column>
<Column name="ID2" id="EEFF039A-57C6-C510-F71F-376A833A20FB">
<createdBy>student</createdBy>
<createdTime>2025-02-22 07:01:39 UTC</createdTime>
<generatorID>D5565BFA-F365-D6D5-AED2-1E6BEF2DD217</generatorID>
<ownerDesignName>ALDEN DB MODEL</ownerDesignName>
<useDomainConstraints>false</useDomainConstraints>
<use>1</use>
<logicalDatatype>LOGDT011</logicalDatatype>
<ownDataTypeParameters>,,</ownDataTypeParameters>
<previousColumn>false</previousColumn>
<autoIncrementCycle>false</autoIncrementCycle>
<associations>
<colAssociation fkAssociation="91D86409-9A2F-9E0D-2FBA-A7E1C8006BF0" referredColumn="5F27D6B0-9A85-FE41-4CF6-F668856E1687"/>
</associations>
</Column>
<Column name="ID12" id="F84963F2-476A-20F3-F20D-505191DAEE9B">
<createdBy>student</createdBy>
<createdTime>2025-02-22 07:01:39 UTC</createdTime>
<generatorID>7BDD66CA-9E85-F9D1-737F-DE7F3C781C75</generatorID>
<ownerDesignName>ALDEN DB MODEL</ownerDesignName>
<useDomainConstraints>false</useDomainConstraints>
<use>1</use>
<logicalDatatype>LOGDT011</logicalDatatype>
<ownDataTypeParameters>,,</ownDataTypeParameters>
<previousColumn>false</previousColumn>
<autoIncrementCycle>false</autoIncrementCycle>
<associations>
<colAssociation fkAssociation="91D86409-9A2F-9E0D-2FBA-A7E1C8006BF0" referredColumn="189DB809-DEF3-BB9E-7A8C-79579A749D08"/>
</associations>
</Column>
<Column name="ID3" id="CFBB9AD6-4466-5505-21E6-2713AA0AB364">
<createdBy>student</createdBy>
<createdTime>2025-02-22 07:01:39 UTC</createdTime>
<generatorID>A0AA15EB-8678-BC54-0BC2-4F5DCC2AE549</generatorID>
<ownerDesignName>ALDEN DB MODEL</ownerDesignName>
<nullsAllowed>true</nullsAllowed>
<useDomainConstraints>false</useDomainConstraints>
<use>1</use>
<logicalDatatype>LOGDT011</logicalDatatype>
<ownDataTypeParameters>,,</ownDataTypeParameters>
<previousColumn>false</previousColumn>
<autoIncrementCycle>false</autoIncrementCycle>
<associations>
<colAssociation fkAssociation="C91AF8AE-FAAB-EB3E-3D32-F1461AAC7B41" referredColumn="5F27D6B0-9A85-FE41-4CF6-F668856E1687"/>
</associations>
</Column>
<Column name="ID13" id="FECB52E0-D0FD-48FB-4BF5-748FDBCAC27A">
<createdBy>student</createdBy>
<createdTime>2025-02-22 07:01:39 UTC</createdTime>
<generatorID>AB12D4B4-55C8-DEDB-1AF1-9306F8228EDE</generatorID>
<ownerDesignName>ALDEN DB MODEL</ownerDesignName>
<nullsAllowed>true</nullsAllowed>
<useDomainConstraints>false</useDomainConstraints>
<use>1</use>
<logicalDatatype>LOGDT011</logicalDatatype>
<ownDataTypeParameters>,,</ownDataTypeParameters>
<previousColumn>false</previousColumn>
<autoIncrementCycle>false</autoIncrementCycle>
<associations>
<colAssociation fkAssociation="C91AF8AE-FAAB-EB3E-3D32-F1461AAC7B41" referredColumn="189DB809-DEF3-BB9E-7A8C-79579A749D08"/>
</associations>
</Column>
<Column name="ID4" id="31333B39-E62A-A795-5071-35A43F5621F4">
<createdBy>student</createdBy>
<createdTime>2025-02-22 07:01:39 UTC</createdTime>
<generatorID>FF73F31A-96C8-0C74-57FD-87224726AE25</generatorID>
<ownerDesignName>ALDEN DB MODEL</ownerDesignName>
<nullsAllowed>true</nullsAllowed>
<useDomainConstraints>false</useDomainConstraints>
<use>1</use>
<logicalDatatype>LOGDT011</logicalDatatype>
<ownDataTypeParameters>,,</ownDataTypeParameters>
<previousColumn>false</previousColumn>
<autoIncrementCycle>false</autoIncrementCycle>
<associations>
<colAssociation fkAssociation="8DED7D0C-EA65-E1E9-9959-B111AFB45B0A" referredColumn="5F27D6B0-9A85-FE41-4CF6-F668856E1687"/>
</associations>
</Column>
<Column name="ID14" id="DAB8C508-E905-CAA2-D6E2-74B4BAEC448F">
<createdBy>student</createdBy>
<createdTime>2025-02-22 07:01:39 UTC</createdTime>
<generatorID>1D71C9D5-CD67-5D5E-5E1E-A6445C5D57D9</generatorID>
<ownerDesignName>ALDEN DB MODEL</ownerDesignName>
<nullsAllowed>true</nullsAllowed>
<useDomainConstraints>false</useDomainConstraints>
<use>1</use>
<logicalDatatype>LOGDT011</logicalDatatype>
<ownDataTypeParameters>,,</ownDataTypeParameters>
<previousColumn>false</previousColumn>
<autoIncrementCycle>false</autoIncrementCycle>
<associations>
<colAssociation fkAssociation="8DED7D0C-EA65-E1E9-9959-B111AFB45B0A" referredColumn="189DB809-DEF3-BB9E-7A8C-79579A749D08"/>
</associations>
</Column>
</columns>
<indexes itemClass="oracle.dbtools.crest.model.design.relational.Index">
<ind_PK_UK id="2A9A9524-127F-95A3-4DA0-A208E64DED36" name="PAYROLL_STATUS_PK">
<createdBy>student</createdBy>
<createdTime>2025-02-22 07:01:39 UTC</createdTime>
<generatorID>381E9FCC-0827-E544-2F4F-012BCB1DD14B</generatorID>
<ownerDesignName>ALDEN DB MODEL</ownerDesignName>
<pk>true</pk>
<indexState>Primary Constraint</indexState>
<isSurrogateKey>false</isSurrogateKey>
<indexColumnUsage>
<colUsage columnID="F8D34563-18B0-F6BE-9283-F057F947C9B8"/>
<colUsage columnID="EEFF039A-57C6-C510-F71F-376A833A20FB"/>
<colUsage columnID="F84963F2-476A-20F3-F20D-505191DAEE9B"/>
</indexColumnUsage>
</ind_PK_UK>
<ind_PK_UK id="951DB280-9D22-82C8-AAAC-9E1FCF384A3C" name="PAYROLL_STATUS_PAYROLL_ID_UN">
<createdBy>student</createdBy>
<createdTime>2025-02-22 07:01:39 UTC</createdTime>
<generatorID>077B173B-FFFB-1DF2-BB02-BCDE196FB874</generatorID>
<ownerDesignName>ALDEN DB MODEL</ownerDesignName>
<indexState>Unique Constraint</indexState>
<isSurrogateKey>false</isSurrogateKey>
<indexColumnUsage>
<colUsage columnID="47A72261-50ED-4732-DF68-E8EF35FB5C96"/>
</indexColumnUsage>
</ind_PK_UK>
<ind_PK_UK id="F964DAD0-E746-7B11-2B27-3F98F995DA9E" name="PAYROLL_STATUS_PREPARED_BY_UN">
<createdBy>student</createdBy>
<createdTime>2025-02-22 07:01:39 UTC</createdTime>
<generatorID>F68FFC0C-7694-D35B-0409-92B82E1126E4</generatorID>
<ownerDesignName>ALDEN DB MODEL</ownerDesignName>
<indexState>Unique Constraint</indexState>
<isSurrogateKey>false</isSurrogateKey>
<indexColumnUsage>
<colUsage columnID="B980E7DB-2A91-56D9-72BD-31FFA03C44BB"/>
</indexColumnUsage>
</ind_PK_UK>
<ind_PK_UK id="069EFD75-512D-E370-F7E9-28702DF186EA" name="PAYROLL_STATUS_REC_BY_UN">
<createdBy>student</createdBy>
<createdTime>2025-02-22 07:01:39 UTC</createdTime>
<generatorID>0FC146D0-E2E8-2812-A4A0-DD3E0F593FC2</generatorID>
<ownerDesignName>ALDEN DB MODEL</ownerDesignName>
<indexState>Unique Constraint</indexState>
<isSurrogateKey>false</isSurrogateKey>
<indexColumnUsage>
<colUsage columnID="D3F8CD38-A007-D656-6F94-3F09963CF46B"/>
</indexColumnUsage>
</ind_PK_UK>
<ind_PK_UK id="095AFFB0-0678-3694-A617-8819896699CB" name="PAYROLL_STATUS_APPROVED_BY_UN">
<createdBy>student</createdBy>
<createdTime>2025-02-22 07:01:39 UTC</createdTime>
<generatorID>5677F5D1-F994-B914-3950-E33F4B868E1E</generatorID>
<ownerDesignName>ALDEN DB MODEL</ownerDesignName>
<indexState>Unique Constraint</indexState>
<isSurrogateKey>false</isSurrogateKey>
<indexColumnUsage>
<colUsage columnID="2584F3A4-9C5D-0192-6257-E1F87E419BAF"/>
</indexColumnUsage>
</ind_PK_UK>
<ind_PK_UK id="D52B0FCD-5271-0D31-DF69-581EBD490749" name="PAYROLL_STATUS__IDX">
<createdBy>student</createdBy>
<createdTime>2025-02-22 07:01:39 UTC</createdTime>
<ownerDesignName>ALDEN DB MODEL</ownerDesignName>
<indexState>Unique Plain Index</indexState>
<isSurrogateKey>false</isSurrogateKey>
<relationGeneratorID>738DFC8F-06FF-213C-F73D-F982109167E5</relationGeneratorID>
</ind_PK_UK>
<ind_PK_UK id="839B27C6-1B51-333C-B49A-312C28CFFDB8" name="PAYROLL_STATUS_EMPLOYEE_FK">
<createdBy>student</createdBy>
<createdTime>2025-02-22 07:01:39 UTC</createdTime>
<generatorID>439B564D-D30C-CD3B-EFD7-31C77592F3D3</generatorID>
<ownerDesignName>ALDEN DB MODEL</ownerDesignName>
<indexState>Foreign Key</indexState>
<isSurrogateKey>false</isSurrogateKey>
<indexColumnUsage>
<colUsage columnID="EEFF039A-57C6-C510-F71F-376A833A20FB"/>
<colUsage columnID="F84963F2-476A-20F3-F20D-505191DAEE9B"/>
</indexColumnUsage>
</ind_PK_UK>
<ind_PK_UK id="D0EEF9C9-4BDC-22AB-F930-5374D6D96AFF" name="PAYROLL_STATUS_EMPLOYEE_FKv3">
<createdBy>student</createdBy>
<createdTime>2025-02-22 07:01:39 UTC</createdTime>
<generatorID>CC70BB2B-BB5D-79AA-886B-BEE55191F9F3</generatorID>
<ownerDesignName>ALDEN DB MODEL</ownerDesignName>
<indexState>Foreign Key</indexState>
<isSurrogateKey>false</isSurrogateKey>
<indexColumnUsage>
<colUsage columnID="CFBB9AD6-4466-5505-21E6-2713AA0AB364"/>
<colUsage columnID="FECB52E0-D0FD-48FB-4BF5-748FDBCAC27A"/>
</indexColumnUsage>
</ind_PK_UK>
<ind_PK_UK id="F9D9E694-9426-A13D-D42B-790443808FD5" name="PAYROLL_STATUS_EMPLOYEE_FKv1">
<createdBy>student</createdBy>
<createdTime>2025-02-22 07:01:39 UTC</createdTime>
<generatorID>50DCDFE2-D4F0-CA2A-439F-6E59A7763DB2</generatorID>
<ownerDesignName>ALDEN DB MODEL</ownerDesignName>
<indexState>Foreign Key</indexState>
<isSurrogateKey>false</isSurrogateKey>
<indexColumnUsage>
<colUsage columnID="31333B39-E62A-A795-5071-35A43F5621F4"/>
<colUsage columnID="DAB8C508-E905-CAA2-D6E2-74B4BAEC448F"/>
</indexColumnUsage>
</ind_PK_UK>
</indexes>
</Table>