<?xml version = '1.0' encoding = 'UTF-8'?>
<Table class="oracle.dbtools.crest.model.design.relational.Table" directorySegmentName="seg_0" id="92A8E6FE-42C6-7447-F31A-8F136E6696E0" name="MUNICIPALITY">
<createdBy>student</createdBy>
<createdTime>2025-02-22 07:01:39 UTC</createdTime>
<generatorID>8786A37B-BD93-2EDF-D057-394891C7C539</generatorID>
<ownerDesignName>ALDEN DB MODEL</ownerDesignName>
<allowColumnReorder>false</allowColumnReorder>
<existDependencyGenerateInDDl>true</existDependencyGenerateInDDl>
<parsed>true</parsed>
<columns itemClass="oracle.dbtools.crest.model.design.relational.Column">
<Column name="MUNI_PSGC" id="6412422E-0529-6F84-0344-EC081631BF67">
<createdBy>student</createdBy>
<createdTime>2025-02-22 07:01:39 UTC</createdTime>
<generatorID>90CA2E01-073C-F485-753D-FAEC47DCC0CE</generatorID>
<ownerDesignName>ALDEN DB MODEL</ownerDesignName>
<useDomainConstraints>false</useDomainConstraints>
<use>1</use>
<logicalDatatype>LOGDT011</logicalDatatype>
<ownDataTypeParameters>,,</ownDataTypeParameters>
<autoIncrementCycle>false</autoIncrementCycle>
</Column>
<Column name="PROV_PSGC" id="CF4C2996-EB72-2ADB-23A0-8750213C9F70">
<createdBy>student</createdBy>
<createdTime>2025-02-22 07:01:39 UTC</createdTime>
<generatorID>2AC5856E-7A24-A3A2-9F77-AF1877DD6226</generatorID>
<ownerDesignName>ALDEN DB MODEL</ownerDesignName>
<useDomainConstraints>false</useDomainConstraints>
<use>1</use>
<logicalDatatype>LOGDT011</logicalDatatype>
<ownDataTypeParameters>,,</ownDataTypeParameters>
<autoIncrementCycle>false</autoIncrementCycle>
</Column>
<Column name="MUNICIPALITY" id="9D98BA23-FAEC-C1AF-BB51-C28D28A22A00">
<createdBy>student</createdBy>
<createdTime>2025-02-22 07:01:39 UTC</createdTime>
<generatorID>B25CC75B-9C00-49C0-DBB3-9E647B177BB8</generatorID>
<ownerDesignName>ALDEN DB MODEL</ownerDesignName>
<useDomainConstraints>false</useDomainConstraints>
<use>1</use>
<logicalDatatype>LOGDT024</logicalDatatype>
<dataTypeSize>20</dataTypeSize>
<ownDataTypeParameters>20,,</ownDataTypeParameters>
<autoIncrementCycle>false</autoIncrementCycle>
</Column>
<Column name="MUNI_PSGC1" id="F9398367-AC8E-62F9-B731-195C2814F229">
<createdBy>student</createdBy>
<createdTime>2025-02-22 07:01:39 UTC</createdTime>
<generatorID>020E1408-1F40-DEA3-22BF-30B2830E4245</generatorID>
<ownerDesignName>ALDEN DB MODEL</ownerDesignName>
<useDomainConstraints>false</useDomainConstraints>
<use>1</use>
<logicalDatatype>LOGDT011</logicalDatatype>
<ownDataTypeParameters>,,</ownDataTypeParameters>
<previousColumn>false</previousColumn>
<autoIncrementCycle>false</autoIncrementCycle>
<associations>
<colAssociation fkAssociation="ED577C56-E1AB-01E5-45AA-9C2C38496AB0" referredColumn="B79ABAD0-0F7C-D13F-EBEB-63893DB95A9F"/>
</associations>
</Column>
<Column name="PROV_PSGC1" id="6E603E06-4AAF-B92A-9D1F-C1BA1A9217A2">
<createdBy>student</createdBy>
<createdTime>2025-02-22 07:01:39 UTC</createdTime>
<generatorID>E66EB76A-2555-7153-4A55-E19FACB2FFF0</generatorID>
<ownerDesignName>ALDEN DB MODEL</ownerDesignName>
<useDomainConstraints>false</useDomainConstraints>
<use>1</use>
<logicalDatatype>LOGDT011</logicalDatatype>
<ownDataTypeParameters>,,</ownDataTypeParameters>
<previousColumn>false</previousColumn>
<autoIncrementCycle>false</autoIncrementCycle>
<associations>
<colAssociation fkAssociation="01E1D1E2-1ACA-F9AE-6D4F-1E1F63712469" referredColumn="175D6C54-964E-84E7-51A1-A0C83089F5E0"/>
</associations>
</Column>
<Column name="REG_PSGC1" id="165C0B3C-2B61-05E4-5154-EDFD9387301A">
<createdBy>student</createdBy>
<createdTime>2025-02-22 07:01:39 UTC</createdTime>
<generatorID>E454E9F5-2720-7E65-1973-C4A7337739B9</generatorID>
<ownerDesignName>ALDEN DB MODEL</ownerDesignName>
<useDomainConstraints>false</useDomainConstraints>
<use>1</use>
<logicalDatatype>LOGDT011</logicalDatatype>
<ownDataTypeParameters>,,</ownDataTypeParameters>
<previousColumn>false</previousColumn>
<autoIncrementCycle>false</autoIncrementCycle>
<associations>
<colAssociation fkAssociation="01E1D1E2-1ACA-F9AE-6D4F-1E1F63712469" referredColumn="6CEBF95F-C0AE-CA24-0AF3-4E8ED310573B"/>
</associations>
</Column>
</columns>
<indexes itemClass="oracle.dbtools.crest.model.design.relational.Index">
<ind_PK_UK id="73D129A9-4341-314D-7E37-3D9775715C52" name="MUNICIPALITY_PK">
<createdBy>student</createdBy>
<createdTime>2025-02-22 07:01:39 UTC</createdTime>
<generatorID>67EBFFBA-5457-8264-DFA5-ED315434353A</generatorID>
<ownerDesignName>ALDEN DB MODEL</ownerDesignName>
<pk>true</pk>
<indexState>Primary Constraint</indexState>
<isSurrogateKey>false</isSurrogateKey>
<indexColumnUsage>
<colUsage columnID="6412422E-0529-6F84-0344-EC081631BF67"/>
<colUsage columnID="F9398367-AC8E-62F9-B731-195C2814F229"/>
<colUsage columnID="6E603E06-4AAF-B92A-9D1F-C1BA1A9217A2"/>
<colUsage columnID="165C0B3C-2B61-05E4-5154-EDFD9387301A"/>
</indexColumnUsage>
</ind_PK_UK>
<ind_PK_UK id="F0E0E571-6B45-8CFB-8C2B-3DFEBB41904B" name="MUNICIPALITY_PROV_PSGC_UN">
<createdBy>student</createdBy>
<createdTime>2025-02-22 07:01:39 UTC</createdTime>
<generatorID>3B0828D6-EB45-1A5E-EABE-D0A9E5F74180</generatorID>
<ownerDesignName>ALDEN DB MODEL</ownerDesignName>
<indexState>Unique Constraint</indexState>
<isSurrogateKey>false</isSurrogateKey>
<indexColumnUsage>
<colUsage columnID="CF4C2996-EB72-2ADB-23A0-8750213C9F70"/>
</indexColumnUsage>
</ind_PK_UK>
<ind_PK_UK id="5DDB9DB0-FEC5-9E5B-2BFD-0ED6D090C948" name="MUNICIPALITY__IDX">
<createdBy>student</createdBy>
<createdTime>2025-02-22 07:01:39 UTC</createdTime>
<ownerDesignName>ALDEN DB MODEL</ownerDesignName>
<indexState>Unique Plain Index</indexState>
<isSurrogateKey>false</isSurrogateKey>
<relationGeneratorID>2BE2A03F-C6E9-A661-2DFA-50D5227CF111</relationGeneratorID>
<indexColumnUsage>
<colUsage columnID="F9398367-AC8E-62F9-B731-195C2814F229"/>
</indexColumnUsage>
</ind_PK_UK>
<ind_PK_UK id="A2D9DBEB-D84A-311E-E36B-C43E6D6C394C" name="MUNICIPALITY_PROVINCE_FK">
<createdBy>student</createdBy>
<createdTime>2025-02-22 07:01:39 UTC</createdTime>
<generatorID>AECEFB10-FEDA-D1FB-E96F-CB6BDDB4D2B1</generatorID>
<ownerDesignName>ALDEN DB MODEL</ownerDesignName>
<indexState>Foreign Key</indexState>
<isSurrogateKey>false</isSurrogateKey>
<indexColumnUsage>
<colUsage columnID="6E603E06-4AAF-B92A-9D1F-C1BA1A9217A2"/>
<colUsage columnID="165C0B3C-2B61-05E4-5154-EDFD9387301A"/>
</indexColumnUsage>
</ind_PK_UK>
<ind_PK_UK id="7F8832FA-9E46-8A01-E278-3401C536EEB3" name="MUNICIPALITY_ASSIGNMENT_FK">
<createdBy>student</createdBy>
<createdTime>2025-02-22 07:01:39 UTC</createdTime>
<generatorID>2BE2A03F-C6E9-A661-2DFA-50D5227CF111</generatorID>
<ownerDesignName>ALDEN DB MODEL</ownerDesignName>
<indexState>Foreign Key</indexState>
<isSurrogateKey>false</isSurrogateKey>
<indexColumnUsage>
<colUsage columnID="F9398367-AC8E-62F9-B731-195C2814F229"/>
</indexColumnUsage>
</ind_PK_UK>
</indexes>
</Table>