<?xml version = '1.0' encoding = 'UTF-8'?>
<Table class="oracle.dbtools.crest.model.design.relational.Table" directorySegmentName="seg_0" id="99910FCE-00D3-9026-42D9-B40EB6D85D05" name="PAYROLL">
<createdBy>student</createdBy>
<createdTime>2025-02-22 07:01:39 UTC</createdTime>
<generatorID>04F53EDC-EFFA-92FC-D551-6D50789D5965</generatorID>
<ownerDesignName>ALDEN DB MODEL</ownerDesignName>
<abbreviation>p</abbreviation>
<allowColumnReorder>false</allowColumnReorder>
<existDependencyGenerateInDDl>true</existDependencyGenerateInDDl>
<parsed>true</parsed>
<columns itemClass="oracle.dbtools.crest.model.design.relational.Column">
<Column name="ID" id="A9BECEAC-08BA-E37A-4E2E-54CBE9E639B2">
<createdBy>student</createdBy>
<createdTime>2025-02-22 07:01:39 UTC</createdTime>
<generatorID>96AE70AE-A629-DC5E-37B2-9B8E5E7E994D</generatorID>
<ownerDesignName>ALDEN DB MODEL</ownerDesignName>
<useDomainConstraints>false</useDomainConstraints>
<use>1</use>
<logicalDatatype>LOGDT011</logicalDatatype>
<ownDataTypeParameters>,,</ownDataTypeParameters>
<autoIncrementCycle>false</autoIncrementCycle>
</Column>
<Column name="FUND_SOURCE_ID" id="B4207699-2974-0D7A-18BA-81A71131DB4F">
<createdBy>student</createdBy>
<createdTime>2025-02-22 07:01:39 UTC</createdTime>
<generatorID>1BF4EA12-5CD6-5897-7510-AC72A6345A1C</generatorID>
<ownerDesignName>ALDEN DB MODEL</ownerDesignName>
<useDomainConstraints>false</useDomainConstraints>
<use>1</use>
<logicalDatatype>LOGDT011</logicalDatatype>
<ownDataTypeParameters>,,</ownDataTypeParameters>
<autoIncrementCycle>false</autoIncrementCycle>
</Column>
<Column name="ALLOTTED_AMOUNT" id="24AE0684-B28A-5636-BA19-8F5C2315A534">
<createdBy>student</createdBy>
<createdTime>2025-02-22 07:01:39 UTC</createdTime>
<generatorID>9EC56F66-CD7E-8C0B-CDDB-5D9494EBDCC6</generatorID>
<ownerDesignName>ALDEN DB MODEL</ownerDesignName>
<useDomainConstraints>false</useDomainConstraints>
<use>1</use>
<logicalDatatype>LOGDT019</logicalDatatype>
<dataTypePrecision>2</dataTypePrecision>
<ownDataTypeParameters>,2,</ownDataTypeParameters>
<autoIncrementCycle>false</autoIncrementCycle>
</Column>
<Column name="MOP" id="69187CEF-7355-3CEA-4341-92382B049B18">
<createdBy>student</createdBy>
<createdTime>2025-02-22 07:01:39 UTC</createdTime>
<generatorID>9CF23298-C3F9-307F-146C-E4AAF6DAEF67</generatorID>
<ownerDesignName>ALDEN DB MODEL</ownerDesignName>
<useDomainConstraints>false</useDomainConstraints>
<use>1</use>
<logicalDatatype>LOGDT024</logicalDatatype>
<dataTypeSize>10</dataTypeSize>
<ownDataTypeParameters>10,,</ownDataTypeParameters>
<autoIncrementCycle>false</autoIncrementCycle>
</Column>
<Column name="ID1" id="57E2AF7E-2912-C754-05A4-01299CADAF35">
<createdBy>student</createdBy>
<createdTime>2025-02-22 07:01:39 UTC</createdTime>
<generatorID>8FDA80C5-41B0-2840-DA7D-E6B6F6EA21F8</generatorID>
<ownerDesignName>ALDEN DB MODEL</ownerDesignName>
<useDomainConstraints>false</useDomainConstraints>
<use>1</use>
<logicalDatatype>LOGDT011</logicalDatatype>
<ownDataTypeParameters>,,</ownDataTypeParameters>
<previousColumn>false</previousColumn>
<autoIncrementCycle>false</autoIncrementCycle>
<associations>
<colAssociation fkAssociation="8A5F09D5-5170-6489-5DF7-0CEFF8EC8240" referredColumn="4050AAE0-1014-1591-A4DE-3307EC6C9A82"/>
</associations>
</Column>
<Column name="PAYROLL_STATUS_ID" id="4BC5BD3B-FE18-646E-60FC-28F13D19F561">
<createdBy>student</createdBy>
<createdTime>2025-02-23 01:39:04 UTC</createdTime>
<ownerDesignName>ALDEN DB MODEL</ownerDesignName>
<useDomainConstraints>false</useDomainConstraints>
<use>1</use>
<logicalDatatype>LOGDT011</logicalDatatype>
<ownDataTypeParameters>,,</ownDataTypeParameters>
<previousColumn>false</previousColumn>
<autoIncrementCycle>false</autoIncrementCycle>
</Column>
<Column name="PAYROLL_STATUS_EMPLOYEE_ID" id="E4F58630-1CDD-2924-76D9-6EF141681734">
<createdBy>student</createdBy>
<createdTime>2025-02-23 01:39:04 UTC</createdTime>
<ownerDesignName>ALDEN DB MODEL</ownerDesignName>
<useDomainConstraints>false</useDomainConstraints>
<use>1</use>
<logicalDatatype>LOGDT011</logicalDatatype>
<ownDataTypeParameters>,,</ownDataTypeParameters>
<previousColumn>false</previousColumn>
<autoIncrementCycle>false</autoIncrementCycle>
</Column>
<Column name="PR_STAT_EMP_POS_ID" id="92506EDF-1FB3-14DA-A4A6-6AC3D9B1A8E9">
<createdBy>student</createdBy>
<createdTime>2025-02-23 01:39:04 UTC</createdTime>
<ownerDesignName>ALDEN DB MODEL</ownerDesignName>
<useDomainConstraints>false</useDomainConstraints>
<use>1</use>
<logicalDatatype>LOGDT011</logicalDatatype>
<ownDataTypeParameters>,,</ownDataTypeParameters>
<previousColumn>false</previousColumn>
<autoIncrementCycle>false</autoIncrementCycle>
</Column>
<Column name="ID2" id="E9176303-ECB4-7550-C84A-C96F94394932">
<createdBy>student</createdBy>
<createdTime>2025-02-23 01:39:21 UTC</createdTime>
<generatorID>66A8D58F-D620-B58D-82FE-71F070C44882</generatorID>
<ownerDesignName>ALDEN DB MODEL</ownerDesignName>
<useDomainConstraints>false</useDomainConstraints>
<use>1</use>
<logicalDatatype>LOGDT011</logicalDatatype>
<ownDataTypeParameters>,,</ownDataTypeParameters>
<previousColumn>false</previousColumn>
<autoIncrementCycle>false</autoIncrementCycle>
</Column>
<Column name="ID21" id="E07E1EE4-2EE8-B22D-745A-911A1AD2223C">
<createdBy>student</createdBy>
<createdTime>2025-02-23 01:39:21 UTC</createdTime>
<generatorID>FF9C5635-4DF3-02E8-CB26-7D96A589C394</generatorID>
<ownerDesignName>ALDEN DB MODEL</ownerDesignName>
<useDomainConstraints>false</useDomainConstraints>
<use>1</use>
<logicalDatatype>LOGDT011</logicalDatatype>
<ownDataTypeParameters>,,</ownDataTypeParameters>
<previousColumn>false</previousColumn>
<autoIncrementCycle>false</autoIncrementCycle>
</Column>
<Column name="ID12" id="C278AFBC-DA50-2F26-0B82-7086D81EE67A">
<createdBy>student</createdBy>
<createdTime>2025-02-23 01:39:21 UTC</createdTime>
<generatorID>5C5ACD63-4EE4-85C4-42BD-AD5F7406CACA</generatorID>
<ownerDesignName>ALDEN DB MODEL</ownerDesignName>
<useDomainConstraints>false</useDomainConstraints>
<use>1</use>
<logicalDatatype>LOGDT011</logicalDatatype>
<ownDataTypeParameters>,,</ownDataTypeParameters>
<previousColumn>false</previousColumn>
<autoIncrementCycle>false</autoIncrementCycle>
</Column>
</columns>
<indexes itemClass="oracle.dbtools.crest.model.design.relational.Index">
<ind_PK_UK id="FF6670FA-213C-6551-FEA7-E0323EEEE241" name="PAYROLL_PK">
<createdBy>student</createdBy>
<createdTime>2025-02-22 07:01:39 UTC</createdTime>
<generatorID>178272FE-4BDD-5AFA-7D3D-A5A6EEC63835</generatorID>
<ownerDesignName>ALDEN DB MODEL</ownerDesignName>
<pk>true</pk>
<indexState>Primary Constraint</indexState>
<isSurrogateKey>false</isSurrogateKey>
<indexColumnUsage>
<colUsage columnID="A9BECEAC-08BA-E37A-4E2E-54CBE9E639B2"/>
<colUsage columnID="57E2AF7E-2912-C754-05A4-01299CADAF35"/>
</indexColumnUsage>
</ind_PK_UK>
<ind_PK_UK id="4CCD9931-64BC-F412-F17E-1E870379E71F" name="PAYROLL_FUND_SOURCE_ID_UN">
<createdBy>student</createdBy>
<createdTime>2025-02-22 07:01:39 UTC</createdTime>
<generatorID>173C7693-CB33-AA95-EA1D-0F05E1A6D3B8</generatorID>
<ownerDesignName>ALDEN DB MODEL</ownerDesignName>
<indexState>Unique Constraint</indexState>
<isSurrogateKey>false</isSurrogateKey>
<indexColumnUsage>
<colUsage columnID="B4207699-2974-0D7A-18BA-81A71131DB4F"/>
</indexColumnUsage>
</ind_PK_UK>
<ind_PK_UK id="98837041-8870-1FA2-1C0B-380EA3601146" name="PAYROLL__IDX">
<createdBy>student</createdBy>
<createdTime>2025-02-22 07:01:39 UTC</createdTime>
<ownerDesignName>ALDEN DB MODEL</ownerDesignName>
<indexState>Unique Plain Index</indexState>
<isSurrogateKey>false</isSurrogateKey>
<relationGeneratorID>738DFC8F-06FF-213C-F73D-F982109167E5</relationGeneratorID>
</ind_PK_UK>
<ind_PK_UK id="D039309E-3BDC-1838-86E2-C9013BC459EA" name="PAYROLL__IDXv3">
<createdBy>student</createdBy>
<createdTime>2025-02-23 01:39:04 UTC</createdTime>
<ownerDesignName>ALDEN DB MODEL</ownerDesignName>
<indexState>Unique Plain Index</indexState>
<isSurrogateKey>false</isSurrogateKey>
<relationGeneratorID>738DFC8F-06FF-213C-F73D-F982109167E5</relationGeneratorID>
<indexColumnUsage>
<colUsage columnID="4BC5BD3B-FE18-646E-60FC-28F13D19F561"/>
<colUsage columnID="E4F58630-1CDD-2924-76D9-6EF141681734"/>
<colUsage columnID="92506EDF-1FB3-14DA-A4A6-6AC3D9B1A8E9"/>
</indexColumnUsage>
</ind_PK_UK>
<ind_PK_UK id="E014835E-81D3-71D7-120C-14856C3EC6F6" name="PAYROLL__IDXv1">
<createdBy>student</createdBy>
<createdTime>2025-02-23 01:39:21 UTC</createdTime>
<ownerDesignName>ALDEN DB MODEL</ownerDesignName>
<indexState>Unique Plain Index</indexState>
<isSurrogateKey>false</isSurrogateKey>
<relationGeneratorID>738DFC8F-06FF-213C-F73D-F982109167E5</relationGeneratorID>
<indexColumnUsage>
<colUsage columnID="E9176303-ECB4-7550-C84A-C96F94394932"/>
<colUsage columnID="E07E1EE4-2EE8-B22D-745A-911A1AD2223C"/>
<colUsage columnID="C278AFBC-DA50-2F26-0B82-7086D81EE67A"/>
</indexColumnUsage>
</ind_PK_UK>
<ind_PK_UK id="BB1EFC87-7C77-E60D-4858-615AEB511D26" name="PAYROLL_lib_fund_source_FK">
<createdBy>student</createdBy>
<createdTime>2025-02-22 07:01:39 UTC</createdTime>
<generatorID>7648934B-B220-F31E-15D4-9214FBE7C63A</generatorID>
<ownerDesignName>ALDEN DB MODEL</ownerDesignName>
<indexState>Foreign Key</indexState>
<isSurrogateKey>false</isSurrogateKey>
<indexColumnUsage>
<colUsage columnID="57E2AF7E-2912-C754-05A4-01299CADAF35"/>
</indexColumnUsage>
</ind_PK_UK>
</indexes>
</Table>