<?xml version = '1.0' encoding = 'UTF-8'?>
<Table class="oracle.dbtools.crest.model.design.relational.Table" directorySegmentName="seg_0" id="9E9A677C-5EC9-D6A9-D40B-88C58E4D0B13" name="EMPLOYEE">
<createdBy>student</createdBy>
<createdTime>2025-02-22 07:01:39 UTC</createdTime>
<generatorID>D72E613B-252E-AF49-8C90-B42B1ABAD4C1</generatorID>
<ownerDesignName>ALDEN DB MODEL</ownerDesignName>
<abbreviation>EMP</abbreviation>
<allowColumnReorder>false</allowColumnReorder>
<existDependencyGenerateInDDl>true</existDependencyGenerateInDDl>
<parsed>true</parsed>
<columns itemClass="oracle.dbtools.crest.model.design.relational.Column">
<Column name="ID" id="5F27D6B0-9A85-FE41-4CF6-F668856E1687">
<createdBy>student</createdBy>
<createdTime>2025-02-22 07:01:39 UTC</createdTime>
<generatorID>7637EABE-8327-9873-1467-FEC9DB4D9F44</generatorID>
<ownerDesignName>ALDEN DB MODEL</ownerDesignName>
<useDomainConstraints>false</useDomainConstraints>
<use>1</use>
<logicalDatatype>LOGDT011</logicalDatatype>
<ownDataTypeParameters>,,</ownDataTypeParameters>
<autoIncrementCycle>false</autoIncrementCycle>
</Column>
<Column name="FIRST_NAME" id="F54AB5D3-98AE-30F9-4F09-CB8C56772BFC">
<createdBy>student</createdBy>
<createdTime>2025-02-22 07:01:39 UTC</createdTime>
<generatorID>2E22D53F-2C9E-C3D0-8E1E-77171F2923B3</generatorID>
<ownerDesignName>ALDEN DB MODEL</ownerDesignName>
<useDomainConstraints>false</useDomainConstraints>
<use>1</use>
<logicalDatatype>LOGDT024</logicalDatatype>
<dataTypeSize>50</dataTypeSize>
<ownDataTypeParameters>50,,</ownDataTypeParameters>
<autoIncrementCycle>false</autoIncrementCycle>
</Column>
<Column name="MIDDLE_NAME" id="FBE1FA3F-1BE9-782D-C09A-4A0DC5988D23">
<createdBy>student</createdBy>
<createdTime>2025-02-22 07:01:39 UTC</createdTime>
<generatorID>E4796910-401D-1020-7C7D-7C02F31E3FF9</generatorID>
<ownerDesignName>ALDEN DB MODEL</ownerDesignName>
<nullsAllowed>true</nullsAllowed>
<useDomainConstraints>false</useDomainConstraints>
<use>1</use>
<logicalDatatype>LOGDT024</logicalDatatype>
<dataTypeSize>20</dataTypeSize>
<ownDataTypeParameters>20,,</ownDataTypeParameters>
<autoIncrementCycle>false</autoIncrementCycle>
</Column>
<Column name="LASTNAME" id="689BFF71-20A9-ABAC-BCDA-718AC0C9B92B">
<createdBy>student</createdBy>
<createdTime>2025-02-22 07:01:39 UTC</createdTime>
<generatorID>2C99F429-4CF7-10DD-737F-790EC712A144</generatorID>
<ownerDesignName>ALDEN DB MODEL</ownerDesignName>
<useDomainConstraints>false</useDomainConstraints>
<use>1</use>
<logicalDatatype>LOGDT024</logicalDatatype>
<dataTypeSize>50</dataTypeSize>
<ownDataTypeParameters>50,,</ownDataTypeParameters>
<autoIncrementCycle>false</autoIncrementCycle>
</Column>
<Column name="ASSIGNMENT_ID" id="EAB4D066-B0F3-2DA5-8781-878CDA23EB09">
<createdBy>student</createdBy>
<createdTime>2025-02-22 07:01:39 UTC</createdTime>
<commentInRDBMS><![CDATA[BARANGAY PSGC]]></commentInRDBMS>
<generatorID>E92119CA-BDE1-8119-842D-A43EF5B19385</generatorID>
<ownerDesignName>ALDEN DB MODEL</ownerDesignName>
<nullsAllowed>true</nullsAllowed>
<useDomainConstraints>false</useDomainConstraints>
<use>1</use>
<logicalDatatype>LOGDT011</logicalDatatype>
<ownDataTypeParameters>,,</ownDataTypeParameters>
<autoIncrementCycle>false</autoIncrementCycle>
</Column>
<Column name="POSITION_ID" id="BBB7078E-9511-33EF-7A22-70B767598EA7">
<createdBy>student</createdBy>
<createdTime>2025-02-22 07:01:39 UTC</createdTime>
<generatorID>06789942-1729-BDBC-A2E8-D588ABAAFE3E</generatorID>
<ownerDesignName>ALDEN DB MODEL</ownerDesignName>
<nullsAllowed>true</nullsAllowed>
<useDomainConstraints>false</useDomainConstraints>
<use>1</use>
<logicalDatatype>LOGDT011</logicalDatatype>
<ownDataTypeParameters>,,</ownDataTypeParameters>
<autoIncrementCycle>false</autoIncrementCycle>
</Column>
<Column name="EMPLOYEE_ID" id="06776801-B1D6-81DB-96D7-46D6316DEAB5">
<createdBy>student</createdBy>
<createdTime>2025-02-22 07:01:39 UTC</createdTime>
<generatorID>F07199C7-9443-4C67-B8D8-5912F9DE3BE9</generatorID>
<ownerDesignName>ALDEN DB MODEL</ownerDesignName>
<useDomainConstraints>false</useDomainConstraints>
<use>1</use>
<logicalDatatype>LOGDT011</logicalDatatype>
<ownDataTypeParameters>,,</ownDataTypeParameters>
<previousColumn>false</previousColumn>
<autoIncrementCycle>false</autoIncrementCycle>
<associations>
<colAssociation fkAssociation="EEFA727B-80CE-21C3-AD6A-196F394657D2" referredColumn="E5DC312E-4C68-50DC-F897-BB655D2AC184"/>
</associations>
</Column>
<Column name="ID1" id="189DB809-DEF3-BB9E-7A8C-79579A749D08">
<createdBy>student</createdBy>
<createdTime>2025-02-22 07:01:39 UTC</createdTime>
<generatorID>1743DDC4-5802-EEF1-025E-AFEAF5F0E0D8</generatorID>
<ownerDesignName>ALDEN DB MODEL</ownerDesignName>
<useDomainConstraints>false</useDomainConstraints>
<use>1</use>
<logicalDatatype>LOGDT011</logicalDatatype>
<ownDataTypeParameters>,,</ownDataTypeParameters>
<previousColumn>false</previousColumn>
<autoIncrementCycle>false</autoIncrementCycle>
<associations>
<colAssociation fkAssociation="BB7D25F0-03F7-2E42-C016-A5481F116191" referredColumn="52923E27-E815-9DDA-0BAF-92622DC4BC46"/>
</associations>
</Column>
</columns>
<indexes itemClass="oracle.dbtools.crest.model.design.relational.Index">
<ind_PK_UK id="2E850790-D54A-75B7-115F-A7220649289C" name="EMPLOYEE_PK">
<createdBy>student</createdBy>
<createdTime>2025-02-22 07:01:39 UTC</createdTime>
<generatorID>4327E729-8411-A000-F493-BDEAC7897BC7</generatorID>
<ownerDesignName>ALDEN DB MODEL</ownerDesignName>
<pk>true</pk>
<indexState>Primary Constraint</indexState>
<isSurrogateKey>false</isSurrogateKey>
<indexColumnUsage>
<colUsage columnID="5F27D6B0-9A85-FE41-4CF6-F668856E1687"/>
<colUsage columnID="189DB809-DEF3-BB9E-7A8C-79579A749D08"/>
</indexColumnUsage>
</ind_PK_UK>
<ind_PK_UK id="767E6EF2-67CC-16C8-E24B-BA89DF758926" name="EMPLOYEE_POSITION_ID_UN">
<createdBy>student</createdBy>
<createdTime>2025-02-22 07:01:39 UTC</createdTime>
<generatorID>D5661A16-644C-2651-9240-4A24E685731C</generatorID>
<ownerDesignName>ALDEN DB MODEL</ownerDesignName>
<indexState>Unique Constraint</indexState>
<isSurrogateKey>false</isSurrogateKey>
<indexColumnUsage>
<colUsage columnID="BBB7078E-9511-33EF-7A22-70B767598EA7"/>
</indexColumnUsage>
</ind_PK_UK>
<ind_PK_UK id="4C3A31BE-DC2D-331A-7736-8FE0C7760B07" name="EMPLOYEE__IDX">
<createdBy>student</createdBy>
<createdTime>2025-02-22 07:01:39 UTC</createdTime>
<ownerDesignName>ALDEN DB MODEL</ownerDesignName>
<indexState>Unique Plain Index</indexState>
<isSurrogateKey>false</isSurrogateKey>
<relationGeneratorID>604CA257-6EAA-3AE9-A69D-1FE79F9949EA</relationGeneratorID>
<indexColumnUsage>
<colUsage columnID="189DB809-DEF3-BB9E-7A8C-79579A749D08"/>
</indexColumnUsage>
</ind_PK_UK>
<ind_PK_UK id="E324572A-73B1-E1BB-857A-7BDD719A5DBD" name="EMPLOYEE__IDXv1">
<createdBy>student</createdBy>
<createdTime>2025-02-22 07:01:39 UTC</createdTime>
<ownerDesignName>ALDEN DB MODEL</ownerDesignName>
<indexState>Unique Plain Index</indexState>
<isSurrogateKey>false</isSurrogateKey>
<relationGeneratorID>371CD572-A210-E707-CBFE-6E590A4D1BE6</relationGeneratorID>
<indexColumnUsage>
<colUsage columnID="06776801-B1D6-81DB-96D7-46D6316DEAB5"/>
</indexColumnUsage>
</ind_PK_UK>
<ind_PK_UK id="FB2EC332-AB81-7E8D-45F1-0F75D8B0A669" name="EMPLOYEE_POSITION_FK">
<createdBy>student</createdBy>
<createdTime>2025-02-22 07:01:39 UTC</createdTime>
<generatorID>604CA257-6EAA-3AE9-A69D-1FE79F9949EA</generatorID>
<ownerDesignName>ALDEN DB MODEL</ownerDesignName>
<indexState>Foreign Key</indexState>
<isSurrogateKey>false</isSurrogateKey>
<indexColumnUsage>
<colUsage columnID="189DB809-DEF3-BB9E-7A8C-79579A749D08"/>
</indexColumnUsage>
</ind_PK_UK>
<ind_PK_UK id="DA5C6F1E-240A-7BBB-073C-B15691BAA964" name="EMPLOYEE_USER_ACCOUNT_FK">
<createdBy>student</createdBy>
<createdTime>2025-02-23 02:29:20 UTC</createdTime>
<generatorID>371CD572-A210-E707-CBFE-6E590A4D1BE6</generatorID>
<ownerDesignName>ALDEN DB MODEL</ownerDesignName>
<indexState>Foreign Key</indexState>
<isSurrogateKey>false</isSurrogateKey>
<indexColumnUsage>
<colUsage columnID="06776801-B1D6-81DB-96D7-46D6316DEAB5"/>
</indexColumnUsage>
</ind_PK_UK>
</indexes>
</Table>