<?xml version = '1.0' encoding = 'UTF-8'?>
<Table class="oracle.dbtools.crest.model.design.relational.Table" directorySegmentName="seg_0" id="AB217997-7A20-10C0-513D-A833A8113B71" name="PAYROLL_DETAIL">
<createdBy>student</createdBy>
<createdTime>2025-02-22 07:01:39 UTC</createdTime>
<generatorID>D030EC6D-9024-5092-197F-4CA60166034C</generatorID>
<ownerDesignName>ALDEN DB MODEL</ownerDesignName>
<allowColumnReorder>false</allowColumnReorder>
<existDependencyGenerateInDDl>true</existDependencyGenerateInDDl>
<parsed>true</parsed>
<columns itemClass="oracle.dbtools.crest.model.design.relational.Column">
<Column name="ID" id="5F88D1B6-DA05-9CA7-F11B-B1D4DAE7D9B1">
<createdBy>student</createdBy>
<createdTime>2025-02-22 07:01:39 UTC</createdTime>
<generatorID>6A58119C-4D05-7B8A-94C2-2850D4571513</generatorID>
<ownerDesignName>ALDEN DB MODEL</ownerDesignName>
<useDomainConstraints>false</useDomainConstraints>
<use>1</use>
<logicalDatatype>LOGDT011</logicalDatatype>
<ownDataTypeParameters>,,</ownDataTypeParameters>
<autoIncrementCycle>false</autoIncrementCycle>
</Column>
<Column name="GRANTED_AMOUNT" id="2DDDF128-6142-7D65-2B66-DC55E571CD27">
<createdBy>student</createdBy>
<createdTime>2025-02-22 07:01:39 UTC</createdTime>
<generatorID>786D5AA1-FB12-FE8B-41DC-3D9AEB2496B4</generatorID>
<ownerDesignName>ALDEN DB MODEL</ownerDesignName>
<useDomainConstraints>false</useDomainConstraints>
<use>1</use>
<logicalDatatype>LOGDT019</logicalDatatype>
<dataTypePrecision>2</dataTypePrecision>
<ownDataTypeParameters>,2,</ownDataTypeParameters>
<autoIncrementCycle>false</autoIncrementCycle>
</Column>
<Column name="DISBURSEMENT_STATUS" id="AE604C30-AE41-559C-62B5-4D736B5FF6A2">
<createdBy>student</createdBy>
<createdTime>2025-02-22 07:01:39 UTC</createdTime>
<generatorID>CB339196-FAD6-9C0C-BA30-922B7775A8D6</generatorID>
<ownerDesignName>ALDEN DB MODEL</ownerDesignName>
<nullsAllowed>true</nullsAllowed>
<useDomainConstraints>false</useDomainConstraints>
<use>1</use>
<logicalDatatype>LOGDT011</logicalDatatype>
<ownDataTypeParameters>,,</ownDataTypeParameters>
<autoIncrementCycle>false</autoIncrementCycle>
</Column>
<Column name="BENEFICIARY_ID" id="F5B56590-7555-393B-A52F-A03B30DEBD3A">
<createdBy>student</createdBy>
<createdTime>2025-02-22 07:01:39 UTC</createdTime>
<generatorID>AFA9EDBB-76D5-1ABC-219F-51DD9DE61AA6</generatorID>
<ownerDesignName>ALDEN DB MODEL</ownerDesignName>
<useDomainConstraints>false</useDomainConstraints>
<use>1</use>
<logicalDatatype>LOGDT011</logicalDatatype>
<ownDataTypeParameters>,,</ownDataTypeParameters>
<autoIncrementCycle>false</autoIncrementCycle>
</Column>
<Column name="PAYROLL_ID" id="875BEAB6-E79D-FF4F-D217-84F266C46432">
<createdBy>student</createdBy>
<createdTime>2025-02-22 07:01:39 UTC</createdTime>
<generatorID>6122E613-0795-C841-EF43-EC9F99DDCD1C</generatorID>
<ownerDesignName>ALDEN DB MODEL</ownerDesignName>
<useDomainConstraints>false</useDomainConstraints>
<use>1</use>
<logicalDatatype>LOGDT011</logicalDatatype>
<ownDataTypeParameters>,,</ownDataTypeParameters>
<autoIncrementCycle>false</autoIncrementCycle>
</Column>
<Column name="ID1" id="36337815-3542-24BC-885E-99F8AF5F3B35">
<createdBy>student</createdBy>
<createdTime>2025-02-22 07:01:39 UTC</createdTime>
<generatorID>45C81018-8560-32D6-300A-F9E917712820</generatorID>
<ownerDesignName>ALDEN DB MODEL</ownerDesignName>
<useDomainConstraints>false</useDomainConstraints>
<use>1</use>
<logicalDatatype>LOGDT011</logicalDatatype>
<ownDataTypeParameters>,,</ownDataTypeParameters>
<previousColumn>false</previousColumn>
<autoIncrementCycle>false</autoIncrementCycle>
<associations>
<colAssociation fkAssociation="C9BBD113-C8FA-B3DF-F2BA-57CB95E7AC0B" referredColumn="A9BECEAC-08BA-E37A-4E2E-54CBE9E639B2"/>
</associations>
</Column>
<Column name="ID11" id="46115E6C-060C-2CB9-B7F4-A8037DD9D6FA">
<createdBy>student</createdBy>
<createdTime>2025-02-22 07:01:39 UTC</createdTime>
<generatorID>B1EBF1A7-7CF6-9389-4B0B-BB59F27143FB</generatorID>
<ownerDesignName>ALDEN DB MODEL</ownerDesignName>
<useDomainConstraints>false</useDomainConstraints>
<use>1</use>
<logicalDatatype>LOGDT011</logicalDatatype>
<ownDataTypeParameters>,,</ownDataTypeParameters>
<previousColumn>false</previousColumn>
<autoIncrementCycle>false</autoIncrementCycle>
<associations>
<colAssociation fkAssociation="C9BBD113-C8FA-B3DF-F2BA-57CB95E7AC0B" referredColumn="57E2AF7E-2912-C754-05A4-01299CADAF35"/>
</associations>
</Column>
<Column name="ID2" id="AF89D88F-010F-1022-592D-BFE58B58584C">
<createdBy>student</createdBy>
<createdTime>2025-02-22 07:01:39 UTC</createdTime>
<generatorID>24A083C6-E1B0-CA10-4259-0D818AD6C092</generatorID>
<ownerDesignName>ALDEN DB MODEL</ownerDesignName>
<useDomainConstraints>false</useDomainConstraints>
<use>1</use>
<logicalDatatype>LOGDT011</logicalDatatype>
<ownDataTypeParameters>,,</ownDataTypeParameters>
<previousColumn>false</previousColumn>
<autoIncrementCycle>false</autoIncrementCycle>
<associations>
<colAssociation fkAssociation="08BECE0C-0BD9-8BCF-B91B-452B322EFE25" referredColumn="DA87B004-AD95-D877-FDFB-3F1D81704BB0"/>
</associations>
</Column>
<Column name="BRGY_PSGC" id="6AF9048A-7F59-0E84-9B69-2F42C7276B6D">
<createdBy>student</createdBy>
<createdTime>2025-02-22 07:01:39 UTC</createdTime>
<generatorID>08DE1EC3-B123-4174-6B3B-293CEA0ED82D</generatorID>
<ownerDesignName>ALDEN DB MODEL</ownerDesignName>
<useDomainConstraints>false</useDomainConstraints>
<use>1</use>
<logicalDatatype>LOGDT011</logicalDatatype>
<ownDataTypeParameters>,,</ownDataTypeParameters>
<previousColumn>false</previousColumn>
<autoIncrementCycle>false</autoIncrementCycle>
<associations>
<colAssociation fkAssociation="08BECE0C-0BD9-8BCF-B91B-452B322EFE25" referredColumn="48A7F840-9D84-D794-6F62-382616E66E30"/>
</associations>
</Column>
<Column name="MUNI_PSGC1" id="6829E7E0-B0E2-DEC3-3077-8BC516B3BB5D">
<createdBy>student</createdBy>
<createdTime>2025-02-22 07:01:39 UTC</createdTime>
<generatorID>3FC9A552-95C8-641C-0448-48EA74761862</generatorID>
<ownerDesignName>ALDEN DB MODEL</ownerDesignName>
<useDomainConstraints>false</useDomainConstraints>
<use>1</use>
<logicalDatatype>LOGDT011</logicalDatatype>
<ownDataTypeParameters>,,</ownDataTypeParameters>
<previousColumn>false</previousColumn>
<autoIncrementCycle>false</autoIncrementCycle>
<associations>
<colAssociation fkAssociation="08BECE0C-0BD9-8BCF-B91B-452B322EFE25" referredColumn="C41C633C-276C-6BC8-CD9C-53620B96A946"/>
</associations>
</Column>
<Column name="MUNI_PSGC11" id="BA9AEAFE-0CBB-9BA9-992F-3DACE7F8A529">
<createdBy>student</createdBy>
<createdTime>2025-02-22 07:01:39 UTC</createdTime>
<generatorID>9E9BA151-EDE1-CF30-278A-8E3EE03EE016</generatorID>
<ownerDesignName>ALDEN DB MODEL</ownerDesignName>
<useDomainConstraints>false</useDomainConstraints>
<use>1</use>
<logicalDatatype>LOGDT011</logicalDatatype>
<ownDataTypeParameters>,,</ownDataTypeParameters>
<previousColumn>false</previousColumn>
<autoIncrementCycle>false</autoIncrementCycle>
<associations>
<colAssociation fkAssociation="08BECE0C-0BD9-8BCF-B91B-452B322EFE25" referredColumn="79E07D3E-E2F3-5AEF-9C7B-00267E6A38FC"/>
</associations>
</Column>
<Column name="PROV_PSGC1" id="BD2CB321-B229-F1A0-AA6B-F0450C6D71FF">
<createdBy>student</createdBy>
<createdTime>2025-02-22 07:01:39 UTC</createdTime>
<generatorID>C1BA020B-CAD5-6030-85FA-7D27FF3C3964</generatorID>
<ownerDesignName>ALDEN DB MODEL</ownerDesignName>
<useDomainConstraints>false</useDomainConstraints>
<use>1</use>
<logicalDatatype>LOGDT011</logicalDatatype>
<ownDataTypeParameters>,,</ownDataTypeParameters>
<previousColumn>false</previousColumn>
<autoIncrementCycle>false</autoIncrementCycle>
<associations>
<colAssociation fkAssociation="08BECE0C-0BD9-8BCF-B91B-452B322EFE25" referredColumn="CDCA3AF5-66CB-10BD-FBD8-EDD05FA78393"/>
</associations>
</Column>
<Column name="REG_PSGC1" id="7E125B61-E762-C8BF-B216-8ACF19832E4B">
<createdBy>student</createdBy>
<createdTime>2025-02-22 07:01:39 UTC</createdTime>
<generatorID>C1A20153-E608-B952-6DDA-A7BDD5226257</generatorID>
<ownerDesignName>ALDEN DB MODEL</ownerDesignName>
<useDomainConstraints>false</useDomainConstraints>
<use>1</use>
<logicalDatatype>LOGDT011</logicalDatatype>
<ownDataTypeParameters>,,</ownDataTypeParameters>
<previousColumn>false</previousColumn>
<autoIncrementCycle>false</autoIncrementCycle>
<associations>
<colAssociation fkAssociation="08BECE0C-0BD9-8BCF-B91B-452B322EFE25" referredColumn="47FB60FD-F2DA-5703-8BD8-E67009577E68"/>
</associations>
</Column>
</columns>
<indexes itemClass="oracle.dbtools.crest.model.design.relational.Index">
<ind_PK_UK id="893FB3DA-E04B-887B-01DF-BFFE5347839D" name="PAYROLL_DETAIL_PK">
<createdBy>student</createdBy>
<createdTime>2025-02-22 07:01:39 UTC</createdTime>
<generatorID>912F7439-F35D-FA85-2682-92754B1B0E1E</generatorID>
<ownerDesignName>ALDEN DB MODEL</ownerDesignName>
<pk>true</pk>
<indexState>Primary Constraint</indexState>
<isSurrogateKey>false</isSurrogateKey>
<indexColumnUsage>
<colUsage columnID="5F88D1B6-DA05-9CA7-F11B-B1D4DAE7D9B1"/>
<colUsage columnID="36337815-3542-24BC-885E-99F8AF5F3B35"/>
<colUsage columnID="46115E6C-060C-2CB9-B7F4-A8037DD9D6FA"/>
<colUsage columnID="AF89D88F-010F-1022-592D-BFE58B58584C"/>
<colUsage columnID="6AF9048A-7F59-0E84-9B69-2F42C7276B6D"/>
<colUsage columnID="6829E7E0-B0E2-DEC3-3077-8BC516B3BB5D"/>
<colUsage columnID="BA9AEAFE-0CBB-9BA9-992F-3DACE7F8A529"/>
<colUsage columnID="BD2CB321-B229-F1A0-AA6B-F0450C6D71FF"/>
<colUsage columnID="7E125B61-E762-C8BF-B216-8ACF19832E4B"/>
</indexColumnUsage>
</ind_PK_UK>
<ind_PK_UK id="66D983B0-2917-5E44-E214-CFB9F02EFA33" name="PAYROLL_DETAIL_PAYROLL_ID_UN">
<createdBy>student</createdBy>
<createdTime>2025-02-22 07:01:39 UTC</createdTime>
<generatorID>CACB7A19-6821-284A-CE5A-E61FF9E5912A</generatorID>
<ownerDesignName>ALDEN DB MODEL</ownerDesignName>
<indexState>Unique Constraint</indexState>
<isSurrogateKey>false</isSurrogateKey>
<indexColumnUsage>
<colUsage columnID="875BEAB6-E79D-FF4F-D217-84F266C46432"/>
</indexColumnUsage>
</ind_PK_UK>
<ind_PK_UK id="2A9E9E01-9D41-6FD7-EC6D-78DEB43E5C05" name="PAYROLL_DETAIL_BENE_ID_UN">
<createdBy>student</createdBy>
<createdTime>2025-02-22 07:01:39 UTC</createdTime>
<generatorID>080C0E1C-1868-1884-20B7-9D5F8634207C</generatorID>
<ownerDesignName>ALDEN DB MODEL</ownerDesignName>
<indexState>Unique Constraint</indexState>
<isSurrogateKey>false</isSurrogateKey>
<indexColumnUsage>
<colUsage columnID="F5B56590-7555-393B-A52F-A03B30DEBD3A"/>
</indexColumnUsage>
</ind_PK_UK>
<ind_PK_UK id="0BD83D8A-12F2-7784-490E-025D7BC6B83E" name="PAYROLL_DETAIL_PAYROLL_FK">
<createdBy>student</createdBy>
<createdTime>2025-02-22 07:01:39 UTC</createdTime>
<generatorID>28D2EE26-5D46-92DD-33A4-E9B01B4A4378</generatorID>
<ownerDesignName>ALDEN DB MODEL</ownerDesignName>
<indexState>Foreign Key</indexState>
<isSurrogateKey>false</isSurrogateKey>
<indexColumnUsage>
<colUsage columnID="36337815-3542-24BC-885E-99F8AF5F3B35"/>
<colUsage columnID="46115E6C-060C-2CB9-B7F4-A8037DD9D6FA"/>
</indexColumnUsage>
</ind_PK_UK>
<ind_PK_UK id="BB00AB1E-0EE1-9E05-3A13-027300383EFE" name="PAYROLL_DETAIL_BENEFICIARY_FK">
<createdBy>student</createdBy>
<createdTime>2025-02-22 07:01:39 UTC</createdTime>
<generatorID>73A062B2-051D-5154-1A44-639A52E5670E</generatorID>
<ownerDesignName>ALDEN DB MODEL</ownerDesignName>
<indexState>Foreign Key</indexState>
<isSurrogateKey>false</isSurrogateKey>
<indexColumnUsage>
<colUsage columnID="AF89D88F-010F-1022-592D-BFE58B58584C"/>
<colUsage columnID="6AF9048A-7F59-0E84-9B69-2F42C7276B6D"/>
<colUsage columnID="6829E7E0-B0E2-DEC3-3077-8BC516B3BB5D"/>
<colUsage columnID="BA9AEAFE-0CBB-9BA9-992F-3DACE7F8A529"/>
<colUsage columnID="BD2CB321-B229-F1A0-AA6B-F0450C6D71FF"/>
<colUsage columnID="7E125B61-E762-C8BF-B216-8ACF19832E4B"/>
</indexColumnUsage>
</ind_PK_UK>
</indexes>
</Table>