<?xml version = '1.0' encoding = 'UTF-8'?>
<Table class="oracle.dbtools.crest.model.design.relational.Table" directorySegmentName="seg_0" id="CA1422C2-C8C9-A87C-DF10-4A5B6C97E538" name="BARANGAY">
<createdBy>student</createdBy>
<createdTime>2025-02-22 07:01:39 UTC</createdTime>
<generatorID>991708F6-F9B9-FE80-1407-03467AD98575</generatorID>
<ownerDesignName>ALDEN DB MODEL</ownerDesignName>
<allowColumnReorder>false</allowColumnReorder>
<existDependencyGenerateInDDl>true</existDependencyGenerateInDDl>
<parsed>true</parsed>
<columns itemClass="oracle.dbtools.crest.model.design.relational.Column">
<Column name="BRGY_PSGC" id="5C601CB0-88FF-BCDB-649E-7A71DD70A490">
<createdBy>student</createdBy>
<createdTime>2025-02-22 07:01:39 UTC</createdTime>
<generatorID>387E7AD9-FFF0-E1F4-C0F1-B4599FE20361</generatorID>
<ownerDesignName>ALDEN DB MODEL</ownerDesignName>
<useDomainConstraints>false</useDomainConstraints>
<use>1</use>
<logicalDatatype>LOGDT011</logicalDatatype>
<ownDataTypeParameters>,,</ownDataTypeParameters>
<autoIncrementCycle>false</autoIncrementCycle>
</Column>
<Column name="MUNI_PSGC" id="197366B3-BC48-BE86-AB3F-0883767B842D">
<createdBy>student</createdBy>
<createdTime>2025-02-22 07:01:39 UTC</createdTime>
<generatorID>A10DD999-D2F2-4931-EDDC-6E363721CC15</generatorID>
<ownerDesignName>ALDEN DB MODEL</ownerDesignName>
<useDomainConstraints>false</useDomainConstraints>
<use>1</use>
<logicalDatatype>LOGDT011</logicalDatatype>
<ownDataTypeParameters>,,</ownDataTypeParameters>
<autoIncrementCycle>false</autoIncrementCycle>
</Column>
<Column name="BARANGAY" id="A21E42CA-DD66-1A7C-EB42-A5637197642C">
<createdBy>student</createdBy>
<createdTime>2025-02-22 07:01:39 UTC</createdTime>
<generatorID>2536A1F5-87A5-7519-61A9-434E53ED901D</generatorID>
<ownerDesignName>ALDEN DB MODEL</ownerDesignName>
<useDomainConstraints>false</useDomainConstraints>
<use>1</use>
<logicalDatatype>LOGDT024</logicalDatatype>
<dataTypeSize>20</dataTypeSize>
<ownDataTypeParameters>20,,</ownDataTypeParameters>
<autoIncrementCycle>false</autoIncrementCycle>
</Column>
<Column name="MUNI_PSGC1" id="8C07038E-F9C8-1190-A485-B9D663412AEC">
<createdBy>student</createdBy>
<createdTime>2025-02-22 07:01:39 UTC</createdTime>
<generatorID>CB5AC796-4418-DD69-A81D-CBF014544156</generatorID>
<ownerDesignName>ALDEN DB MODEL</ownerDesignName>
<useDomainConstraints>false</useDomainConstraints>
<use>1</use>
<logicalDatatype>LOGDT011</logicalDatatype>
<ownDataTypeParameters>,,</ownDataTypeParameters>
<previousColumn>false</previousColumn>
<autoIncrementCycle>false</autoIncrementCycle>
<associations>
<colAssociation fkAssociation="FE11F239-192E-2943-2652-D32798BAE14A" referredColumn="6412422E-0529-6F84-0344-EC081631BF67"/>
</associations>
</Column>
<Column name="MUNI_PSGC11" id="EA594ECF-490F-CB08-2FEF-FD358D840DD4">
<createdBy>student</createdBy>
<createdTime>2025-02-22 07:01:39 UTC</createdTime>
<generatorID>AA83C1E0-7FDD-3586-4F0E-E1DC3587F275</generatorID>
<ownerDesignName>ALDEN DB MODEL</ownerDesignName>
<useDomainConstraints>false</useDomainConstraints>
<use>1</use>
<logicalDatatype>LOGDT011</logicalDatatype>
<ownDataTypeParameters>,,</ownDataTypeParameters>
<previousColumn>false</previousColumn>
<autoIncrementCycle>false</autoIncrementCycle>
<associations>
<colAssociation fkAssociation="FE11F239-192E-2943-2652-D32798BAE14A" referredColumn="F9398367-AC8E-62F9-B731-195C2814F229"/>
</associations>
</Column>
<Column name="PROV_PSGC1" id="2C93AA21-0793-9315-CB6B-49C093D0F3EC">
<createdBy>student</createdBy>
<createdTime>2025-02-22 07:01:39 UTC</createdTime>
<generatorID>AFFD3970-1CC0-3711-ECEF-1181C53BC92C</generatorID>
<ownerDesignName>ALDEN DB MODEL</ownerDesignName>
<useDomainConstraints>false</useDomainConstraints>
<use>1</use>
<logicalDatatype>LOGDT011</logicalDatatype>
<ownDataTypeParameters>,,</ownDataTypeParameters>
<previousColumn>false</previousColumn>
<autoIncrementCycle>false</autoIncrementCycle>
<associations>
<colAssociation fkAssociation="FE11F239-192E-2943-2652-D32798BAE14A" referredColumn="6E603E06-4AAF-B92A-9D1F-C1BA1A9217A2"/>
</associations>
</Column>
<Column name="REG_PSGC1" id="F38889E3-C531-2519-B443-59BFCC1E05A9">
<createdBy>student</createdBy>
<createdTime>2025-02-22 07:01:39 UTC</createdTime>
<generatorID>70898ABB-5FF1-E4B7-3149-C03757289483</generatorID>
<ownerDesignName>ALDEN DB MODEL</ownerDesignName>
<useDomainConstraints>false</useDomainConstraints>
<use>1</use>
<logicalDatatype>LOGDT011</logicalDatatype>
<ownDataTypeParameters>,,</ownDataTypeParameters>
<previousColumn>false</previousColumn>
<autoIncrementCycle>false</autoIncrementCycle>
<associations>
<colAssociation fkAssociation="FE11F239-192E-2943-2652-D32798BAE14A" referredColumn="165C0B3C-2B61-05E4-5154-EDFD9387301A"/>
</associations>
</Column>
</columns>
<indexes itemClass="oracle.dbtools.crest.model.design.relational.Index">
<ind_PK_UK id="E071414B-A6F4-6EC2-42E3-FFF130FA454A" name="BARANGAY_PK">
<createdBy>student</createdBy>
<createdTime>2025-02-22 07:01:39 UTC</createdTime>
<generatorID>0AC93B01-8481-814B-01D5-DC589D1D2565</generatorID>
<ownerDesignName>ALDEN DB MODEL</ownerDesignName>
<pk>true</pk>
<indexState>Primary Constraint</indexState>
<isSurrogateKey>false</isSurrogateKey>
<indexColumnUsage>
<colUsage columnID="5C601CB0-88FF-BCDB-649E-7A71DD70A490"/>
<colUsage columnID="8C07038E-F9C8-1190-A485-B9D663412AEC"/>
<colUsage columnID="EA594ECF-490F-CB08-2FEF-FD358D840DD4"/>
<colUsage columnID="2C93AA21-0793-9315-CB6B-49C093D0F3EC"/>
<colUsage columnID="F38889E3-C531-2519-B443-59BFCC1E05A9"/>
</indexColumnUsage>
</ind_PK_UK>
<ind_PK_UK id="AB1AC30E-91F7-3CF6-39F0-004B332EDB8D" name="BARANGAY_MUNI_PSGC_UN">
<createdBy>student</createdBy>
<createdTime>2025-02-22 07:01:39 UTC</createdTime>
<generatorID>75F2A48A-F4A8-8E9A-ABDD-D6AD0AFAA1A0</generatorID>
<ownerDesignName>ALDEN DB MODEL</ownerDesignName>
<indexState>Unique Constraint</indexState>
<isSurrogateKey>false</isSurrogateKey>
<indexColumnUsage>
<colUsage columnID="197366B3-BC48-BE86-AB3F-0883767B842D"/>
</indexColumnUsage>
</ind_PK_UK>
<ind_PK_UK id="AEAFB012-25BE-1698-8DAB-9F839248505F" name="BARANGAY_MUNICIPALITY_FK">
<createdBy>student</createdBy>
<createdTime>2025-02-22 07:01:39 UTC</createdTime>
<generatorID>69EFCA6B-A989-5D9D-F365-09CBD7DB0C53</generatorID>
<ownerDesignName>ALDEN DB MODEL</ownerDesignName>
<indexState>Foreign Key</indexState>
<isSurrogateKey>false</isSurrogateKey>
<indexColumnUsage>
<colUsage columnID="8C07038E-F9C8-1190-A485-B9D663412AEC"/>
<colUsage columnID="EA594ECF-490F-CB08-2FEF-FD358D840DD4"/>
<colUsage columnID="2C93AA21-0793-9315-CB6B-49C093D0F3EC"/>
<colUsage columnID="F38889E3-C531-2519-B443-59BFCC1E05A9"/>
</indexColumnUsage>
</ind_PK_UK>
</indexes>
</Table>