<?xml version = '1.0' encoding = 'UTF-8'?>
<Table class="oracle.dbtools.crest.model.design.relational.Table" directorySegmentName="seg_0" id="CA2433D9-8A15-930B-1C5D-BEED98B3445D" name="GROUP_ROLE">
<createdBy>student</createdBy>
<createdTime>2025-02-22 07:01:39 UTC</createdTime>
<generatorID>6A6235FD-16FF-6CAA-D87F-65A589160FDB</generatorID>
<ownerDesignName>ALDEN DB MODEL</ownerDesignName>
<allowColumnReorder>false</allowColumnReorder>
<existDependencyGenerateInDDl>true</existDependencyGenerateInDDl>
<parsed>true</parsed>
<columns itemClass="oracle.dbtools.crest.model.design.relational.Column">
<Column name="ID" id="FFB82025-E9A8-E4B6-FA85-52618CEFC66E">
<createdBy>student</createdBy>
<createdTime>2025-02-22 07:01:39 UTC</createdTime>
<generatorID>998D080A-7620-6B94-6FFF-B4BC8AE39230</generatorID>
<ownerDesignName>ALDEN DB MODEL</ownerDesignName>
<useDomainConstraints>false</useDomainConstraints>
<use>1</use>
<logicalDatatype>LOGDT011</logicalDatatype>
<ownDataTypeParameters>,,</ownDataTypeParameters>
<autoIncrementCycle>false</autoIncrementCycle>
</Column>
<Column name="GROUP_ID" id="AE712A48-799A-2D9A-9F25-623D70ADC921">
<createdBy>student</createdBy>
<createdTime>2025-02-22 07:01:39 UTC</createdTime>
<generatorID>BBE078F9-8D31-5FCE-8D55-9ADD82D68688</generatorID>
<ownerDesignName>ALDEN DB MODEL</ownerDesignName>
<useDomainConstraints>false</useDomainConstraints>
<use>1</use>
<logicalDatatype>LOGDT011</logicalDatatype>
<ownDataTypeParameters>,,</ownDataTypeParameters>
<autoIncrementCycle>false</autoIncrementCycle>
</Column>
<Column name="ROLE_ID" id="C805250D-038E-D12A-FDBB-EA5ACDB54830">
<createdBy>student</createdBy>
<createdTime>2025-02-22 07:01:39 UTC</createdTime>
<generatorID>8FE38A1C-C15C-72DD-AD9E-1E77C536E7F9</generatorID>
<ownerDesignName>ALDEN DB MODEL</ownerDesignName>
<useDomainConstraints>false</useDomainConstraints>
<use>1</use>
<logicalDatatype>LOGDT011</logicalDatatype>
<ownDataTypeParameters>,,</ownDataTypeParameters>
<autoIncrementCycle>false</autoIncrementCycle>
</Column>
<Column name="ROLE_ID1" id="FE3C8BE8-E5DD-09CE-5FF3-3DF3960FF838">
<createdBy>student</createdBy>
<createdTime>2025-02-22 07:01:39 UTC</createdTime>
<generatorID>6122C443-F0BA-454A-5A65-F12541BC56B8</generatorID>
<ownerDesignName>ALDEN DB MODEL</ownerDesignName>
<useDomainConstraints>false</useDomainConstraints>
<use>1</use>
<logicalDatatype>LOGDT011</logicalDatatype>
<ownDataTypeParameters>,,</ownDataTypeParameters>
<previousColumn>false</previousColumn>
<autoIncrementCycle>false</autoIncrementCycle>
<associations>
<colAssociation fkAssociation="E76ECC83-CE94-221B-F106-AB3A474E784D" referredColumn="25A3E5F3-2686-363C-E1B2-D9D01A04FDFF"/>
</associations>
</Column>
<Column name="GROUP_ID1" id="1E149000-585F-A09C-4DC5-6DAF9F1103DA">
<createdBy>student</createdBy>
<createdTime>2025-02-22 07:01:39 UTC</createdTime>
<generatorID>5AA1A6D0-CD1E-6FAE-C0A3-13A8EE355488</generatorID>
<ownerDesignName>ALDEN DB MODEL</ownerDesignName>
<useDomainConstraints>false</useDomainConstraints>
<use>1</use>
<logicalDatatype>LOGDT011</logicalDatatype>
<ownDataTypeParameters>,,</ownDataTypeParameters>
<previousColumn>false</previousColumn>
<autoIncrementCycle>false</autoIncrementCycle>
<associations>
<colAssociation fkAssociation="46CCE961-ECF5-0166-2917-A0E6BCFE250E" referredColumn="A253BC71-F08E-975A-5496-97D50B43C490"/>
</associations>
</Column>
</columns>
<indexes itemClass="oracle.dbtools.crest.model.design.relational.Index">
<ind_PK_UK id="C92C666E-FF15-D77B-67AB-993A9CA53C2A" name="GROUP_ROLE_PK">
<createdBy>student</createdBy>
<createdTime>2025-02-22 07:01:39 UTC</createdTime>
<generatorID>CD89753D-65C8-9F37-0839-5DC9342DCC45</generatorID>
<ownerDesignName>ALDEN DB MODEL</ownerDesignName>
<pk>true</pk>
<indexState>Primary Constraint</indexState>
<isSurrogateKey>false</isSurrogateKey>
<indexColumnUsage>
<colUsage columnID="FFB82025-E9A8-E4B6-FA85-52618CEFC66E"/>
<colUsage columnID="FE3C8BE8-E5DD-09CE-5FF3-3DF3960FF838"/>
<colUsage columnID="1E149000-585F-A09C-4DC5-6DAF9F1103DA"/>
</indexColumnUsage>
</ind_PK_UK>
<ind_PK_UK id="BFE9F120-12E8-A7B1-EC06-007D458C9607" name="GROUP_ROLE_ROLE_ID_UN">
<createdBy>student</createdBy>
<createdTime>2025-02-22 07:01:39 UTC</createdTime>
<generatorID>C58B4CE3-D720-ED1D-F7AE-7CCDE3D483CA</generatorID>
<ownerDesignName>ALDEN DB MODEL</ownerDesignName>
<indexState>Unique Constraint</indexState>
<isSurrogateKey>false</isSurrogateKey>
<indexColumnUsage>
<colUsage columnID="C805250D-038E-D12A-FDBB-EA5ACDB54830"/>
</indexColumnUsage>
</ind_PK_UK>
<ind_PK_UK id="B389D398-CADD-A9A2-003F-ECF90BBD6569" name="GROUP_ROLE_GROUP_ID_UN">
<createdBy>student</createdBy>
<createdTime>2025-02-22 07:01:39 UTC</createdTime>
<generatorID>D777C04F-1328-69FC-069B-9A2046BD26B5</generatorID>
<ownerDesignName>ALDEN DB MODEL</ownerDesignName>
<indexState>Unique Constraint</indexState>
<isSurrogateKey>false</isSurrogateKey>
<indexColumnUsage>
<colUsage columnID="AE712A48-799A-2D9A-9F25-623D70ADC921"/>
</indexColumnUsage>
</ind_PK_UK>
<ind_PK_UK id="4535BD91-8967-B24D-F07E-DE21A7D20EAB" name="GROUP_ROLE_ACCESS_ROLE_FK">
<createdBy>student</createdBy>
<createdTime>2025-02-22 07:01:39 UTC</createdTime>
<generatorID>8372D8A4-B210-AC88-B53F-0A53B5E67650</generatorID>
<ownerDesignName>ALDEN DB MODEL</ownerDesignName>
<indexState>Foreign Key</indexState>
<isSurrogateKey>false</isSurrogateKey>
<indexColumnUsage>
<colUsage columnID="FE3C8BE8-E5DD-09CE-5FF3-3DF3960FF838"/>
</indexColumnUsage>
</ind_PK_UK>
<ind_PK_UK id="CA7A0BD6-3F92-3E8A-6E90-117AFE482CB2" name="GROUP_ROLE_USER_GROUP_FK">
<createdBy>student</createdBy>
<createdTime>2025-02-22 07:01:39 UTC</createdTime>
<generatorID>BED9ABE7-B652-E5F7-3C0F-3F3BA3BCD331</generatorID>
<ownerDesignName>ALDEN DB MODEL</ownerDesignName>
<indexState>Foreign Key</indexState>
<isSurrogateKey>false</isSurrogateKey>
<indexColumnUsage>
<colUsage columnID="1E149000-585F-A09C-4DC5-6DAF9F1103DA"/>
</indexColumnUsage>
</ind_PK_UK>
</indexes>
</Table>