<?xml version = '1.0' encoding = 'UTF-8'?>
<Table class="oracle.dbtools.crest.model.design.relational.Table" directorySegmentName="seg_0" id="EDD7DB01-3A4D-162A-48F2-A3370FB9998F" name="BENEFICIARY">
<createdBy>student</createdBy>
<createdTime>2025-02-22 07:01:39 UTC</createdTime>
<generatorID>7D015859-7A69-E7DF-7437-7B9B0A73CDFE</generatorID>
<ownerDesignName>ALDEN DB MODEL</ownerDesignName>
<allowColumnReorder>false</allowColumnReorder>
<existDependencyGenerateInDDl>true</existDependencyGenerateInDDl>
<parsed>true</parsed>
<columns itemClass="oracle.dbtools.crest.model.design.relational.Column">
<Column name="ID" id="DA87B004-AD95-D877-FDFB-3F1D81704BB0">
<createdBy>student</createdBy>
<createdTime>2025-02-22 07:01:39 UTC</createdTime>
<generatorID>CA63D589-6DE5-AA84-C67D-D8FAEAD8F3C7</generatorID>
<ownerDesignName>ALDEN DB MODEL</ownerDesignName>
<useDomainConstraints>false</useDomainConstraints>
<use>1</use>
<logicalDatatype>LOGDT011</logicalDatatype>
<ownDataTypeParameters>,,</ownDataTypeParameters>
<autoIncrementCycle>false</autoIncrementCycle>
</Column>
<Column name="FIRST_NAME" id="FEA974AC-AE32-718B-B792-7D4CD267942F">
<createdBy>student</createdBy>
<createdTime>2025-02-22 07:01:39 UTC</createdTime>
<generatorID>FC98CC19-097E-0964-2065-56045F7F523D</generatorID>
<ownerDesignName>ALDEN DB MODEL</ownerDesignName>
<useDomainConstraints>false</useDomainConstraints>
<use>1</use>
<logicalDatatype>LOGDT024</logicalDatatype>
<dataTypeSize>30</dataTypeSize>
<ownDataTypeParameters>30,,</ownDataTypeParameters>
<autoIncrementCycle>false</autoIncrementCycle>
</Column>
<Column name="MIDDLE_NAME" id="B405C742-E996-188B-FB6E-16201DC82C4F">
<createdBy>student</createdBy>
<createdTime>2025-02-22 07:01:39 UTC</createdTime>
<generatorID>6007E959-8CC8-2F61-272A-E513CD73B332</generatorID>
<ownerDesignName>ALDEN DB MODEL</ownerDesignName>
<nullsAllowed>true</nullsAllowed>
<useDomainConstraints>false</useDomainConstraints>
<use>1</use>
<logicalDatatype>LOGDT024</logicalDatatype>
<dataTypeSize>30</dataTypeSize>
<ownDataTypeParameters>30,,</ownDataTypeParameters>
<autoIncrementCycle>false</autoIncrementCycle>
</Column>
<Column name="LASTNAME" id="B3AF597E-59F5-E4D8-A44C-89CCB59D3E8B">
<createdBy>student</createdBy>
<createdTime>2025-02-22 07:01:39 UTC</createdTime>
<generatorID>FF8118AF-8639-F166-FFE4-8D801A802D8D</generatorID>
<ownerDesignName>ALDEN DB MODEL</ownerDesignName>
<useDomainConstraints>false</useDomainConstraints>
<use>1</use>
<logicalDatatype>LOGDT024</logicalDatatype>
<dataTypeSize>30</dataTypeSize>
<ownDataTypeParameters>30,,</ownDataTypeParameters>
<autoIncrementCycle>false</autoIncrementCycle>
</Column>
<Column name="DATE_OF_BIRTH" id="BCE7EDDE-4DA8-72B1-4742-D0F5C8A25F98">
<createdBy>student</createdBy>
<createdTime>2025-02-22 07:01:39 UTC</createdTime>
<generatorID>6C4C363A-E8FA-E66F-574D-90D54FE0EDF2</generatorID>
<ownerDesignName>ALDEN DB MODEL</ownerDesignName>
<useDomainConstraints>false</useDomainConstraints>
<use>1</use>
<logicalDatatype>LOGDT007</logicalDatatype>
<ownDataTypeParameters>,,</ownDataTypeParameters>
<autoIncrementCycle>false</autoIncrementCycle>
</Column>
<Column name="NATIONALITY" id="EA8C64A8-A8DC-F853-0034-A27E8B1389B6">
<createdBy>student</createdBy>
<createdTime>2025-02-22 07:01:39 UTC</createdTime>
<generatorID>0E4BC75E-3337-6F91-6224-C298F1078B40</generatorID>
<ownerDesignName>ALDEN DB MODEL</ownerDesignName>
<useDomainConstraints>false</useDomainConstraints>
<use>1</use>
<logicalDatatype>LOGDT024</logicalDatatype>
<dataTypeSize>30</dataTypeSize>
<ownDataTypeParameters>30,,</ownDataTypeParameters>
<autoIncrementCycle>false</autoIncrementCycle>
</Column>
<Column name="DISABILITY_ID" id="5BD6DCE5-B097-CA75-951C-248BB7FF3348">
<createdBy>student</createdBy>
<createdTime>2025-02-22 07:01:39 UTC</createdTime>
<generatorID>9575347F-EF2B-2325-C1CD-CE6CFB43F622</generatorID>
<ownerDesignName>ALDEN DB MODEL</ownerDesignName>
<nullsAllowed>true</nullsAllowed>
<useDomainConstraints>false</useDomainConstraints>
<use>1</use>
<logicalDatatype>LOGDT011</logicalDatatype>
<ownDataTypeParameters>,,</ownDataTypeParameters>
<autoIncrementCycle>false</autoIncrementCycle>
</Column>
<Column name="SEX" id="3226BEB5-EF07-6B64-3379-AE5A2B624BF5">
<createdBy>student</createdBy>
<createdTime>2025-02-22 07:01:39 UTC</createdTime>
<comment><![CDATA[MALE/FEMALE]]></comment>
<generatorID>6296A24D-AA97-74C5-613C-0F9D3709B607</generatorID>
<ownerDesignName>ALDEN DB MODEL</ownerDesignName>
<useDomainConstraints>false</useDomainConstraints>
<use>1</use>
<logicalDatatype>LOGDT024</logicalDatatype>
<dataTypeSize>4</dataTypeSize>
<ownDataTypeParameters>4,,</ownDataTypeParameters>
<autoIncrementCycle>false</autoIncrementCycle>
</Column>
<Column name="ADDRESS_PSGC" id="CC1DAF70-5880-E91D-A892-049C9E97D591">
<createdBy>student</createdBy>
<createdTime>2025-02-22 07:01:39 UTC</createdTime>
<comment><![CDATA[BARANGAY PSGC]]></comment>
<generatorID>71C3D520-6A2C-A508-E08F-4E303BF8A60F</generatorID>
<ownerDesignName>ALDEN DB MODEL</ownerDesignName>
<useDomainConstraints>false</useDomainConstraints>
<use>1</use>
<logicalDatatype>LOGDT011</logicalDatatype>
<ownDataTypeParameters>,,</ownDataTypeParameters>
<autoIncrementCycle>false</autoIncrementCycle>
</Column>
<Column name="STATUS" id="671DFCF1-E305-ADE0-6A4D-D7921310D608">
<createdBy>student</createdBy>
<createdTime>2025-02-22 07:01:39 UTC</createdTime>
<generatorID>B1EC7BD2-A801-D0E6-403A-A508486A7AF1</generatorID>
<ownerDesignName>ALDEN DB MODEL</ownerDesignName>
<useDomainConstraints>false</useDomainConstraints>
<use>1</use>
<logicalDatatype>LOGDT011</logicalDatatype>
<ownDataTypeParameters>,,</ownDataTypeParameters>
<autoIncrementCycle>false</autoIncrementCycle>
</Column>
<Column name="BRGY_PSGC" id="48A7F840-9D84-D794-6F62-382616E66E30">
<createdBy>student</createdBy>
<createdTime>2025-02-22 07:01:39 UTC</createdTime>
<generatorID>FFBBD43E-CE51-9BF5-CB67-46BD7E2592B1</generatorID>
<ownerDesignName>ALDEN DB MODEL</ownerDesignName>
<useDomainConstraints>false</useDomainConstraints>
<use>1</use>
<logicalDatatype>LOGDT011</logicalDatatype>
<ownDataTypeParameters>,,</ownDataTypeParameters>
<previousColumn>false</previousColumn>
<autoIncrementCycle>false</autoIncrementCycle>
<associations>
<colAssociation fkAssociation="1CA97A43-06C9-CAB1-A8B4-17B538859E96" referredColumn="5C601CB0-88FF-BCDB-649E-7A71DD70A490"/>
</associations>
</Column>
<Column name="MUNI_PSGC1" id="C41C633C-276C-6BC8-CD9C-53620B96A946">
<createdBy>student</createdBy>
<createdTime>2025-02-22 07:01:39 UTC</createdTime>
<generatorID>878A513A-A469-F259-6BD1-87EBDE61BC0C</generatorID>
<ownerDesignName>ALDEN DB MODEL</ownerDesignName>
<useDomainConstraints>false</useDomainConstraints>
<use>1</use>
<logicalDatatype>LOGDT011</logicalDatatype>
<ownDataTypeParameters>,,</ownDataTypeParameters>
<previousColumn>false</previousColumn>
<autoIncrementCycle>false</autoIncrementCycle>
<associations>
<colAssociation fkAssociation="1CA97A43-06C9-CAB1-A8B4-17B538859E96" referredColumn="8C07038E-F9C8-1190-A485-B9D663412AEC"/>
</associations>
</Column>
<Column name="MUNI_PSGC11" id="79E07D3E-E2F3-5AEF-9C7B-00267E6A38FC">
<createdBy>student</createdBy>
<createdTime>2025-02-22 07:01:39 UTC</createdTime>
<generatorID>CC24080E-2109-F42D-F255-1BA8B1A11F47</generatorID>
<ownerDesignName>ALDEN DB MODEL</ownerDesignName>
<useDomainConstraints>false</useDomainConstraints>
<use>1</use>
<logicalDatatype>LOGDT011</logicalDatatype>
<ownDataTypeParameters>,,</ownDataTypeParameters>
<previousColumn>false</previousColumn>
<autoIncrementCycle>false</autoIncrementCycle>
<associations>
<colAssociation fkAssociation="1CA97A43-06C9-CAB1-A8B4-17B538859E96" referredColumn="EA594ECF-490F-CB08-2FEF-FD358D840DD4"/>
</associations>
</Column>
<Column name="PROV_PSGC1" id="CDCA3AF5-66CB-10BD-FBD8-EDD05FA78393">
<createdBy>student</createdBy>
<createdTime>2025-02-22 07:01:39 UTC</createdTime>
<generatorID>AC5EFC78-D179-34DB-410D-5EE11B0AC6E9</generatorID>
<ownerDesignName>ALDEN DB MODEL</ownerDesignName>
<useDomainConstraints>false</useDomainConstraints>
<use>1</use>
<logicalDatatype>LOGDT011</logicalDatatype>
<ownDataTypeParameters>,,</ownDataTypeParameters>
<previousColumn>false</previousColumn>
<autoIncrementCycle>false</autoIncrementCycle>
<associations>
<colAssociation fkAssociation="1CA97A43-06C9-CAB1-A8B4-17B538859E96" referredColumn="2C93AA21-0793-9315-CB6B-49C093D0F3EC"/>
</associations>
</Column>
<Column name="REG_PSGC1" id="47FB60FD-F2DA-5703-8BD8-E67009577E68">
<createdBy>student</createdBy>
<createdTime>2025-02-22 07:01:39 UTC</createdTime>
<generatorID>7B318F4F-7F03-7606-66EB-0B74E5B1DB21</generatorID>
<ownerDesignName>ALDEN DB MODEL</ownerDesignName>
<useDomainConstraints>false</useDomainConstraints>
<use>1</use>
<logicalDatatype>LOGDT011</logicalDatatype>
<ownDataTypeParameters>,,</ownDataTypeParameters>
<previousColumn>false</previousColumn>
<autoIncrementCycle>false</autoIncrementCycle>
<associations>
<colAssociation fkAssociation="1CA97A43-06C9-CAB1-A8B4-17B538859E96" referredColumn="F38889E3-C531-2519-B443-59BFCC1E05A9"/>
</associations>
</Column>
</columns>
<indexes itemClass="oracle.dbtools.crest.model.design.relational.Index">
<ind_PK_UK id="DB696471-C75A-2C32-3E43-89AB7EA7B537" name="BENEFICIARY_PK">
<createdBy>student</createdBy>
<createdTime>2025-02-22 07:01:39 UTC</createdTime>
<generatorID>D6122070-02BA-0FF3-6517-027C14C788BA</generatorID>
<ownerDesignName>ALDEN DB MODEL</ownerDesignName>
<pk>true</pk>
<indexState>Primary Constraint</indexState>
<isSurrogateKey>false</isSurrogateKey>
<indexColumnUsage>
<colUsage columnID="DA87B004-AD95-D877-FDFB-3F1D81704BB0"/>
<colUsage columnID="48A7F840-9D84-D794-6F62-382616E66E30"/>
<colUsage columnID="C41C633C-276C-6BC8-CD9C-53620B96A946"/>
<colUsage columnID="79E07D3E-E2F3-5AEF-9C7B-00267E6A38FC"/>
<colUsage columnID="CDCA3AF5-66CB-10BD-FBD8-EDD05FA78393"/>
<colUsage columnID="47FB60FD-F2DA-5703-8BD8-E67009577E68"/>
</indexColumnUsage>
</ind_PK_UK>
<ind_PK_UK id="D5F68CCB-93E5-F697-32FB-551423787453" name="BENEFICIARY_ADDRESS_PSGC_UN">
<createdBy>student</createdBy>
<createdTime>2025-02-22 07:01:39 UTC</createdTime>
<generatorID>28E8A125-E34B-30D2-267D-23DA21BBA392</generatorID>
<ownerDesignName>ALDEN DB MODEL</ownerDesignName>
<indexState>Unique Constraint</indexState>
<isSurrogateKey>false</isSurrogateKey>
<indexColumnUsage>
<colUsage columnID="CC1DAF70-5880-E91D-A892-049C9E97D591"/>
</indexColumnUsage>
</ind_PK_UK>
<ind_PK_UK id="41468629-D027-6C9D-F26A-DF5733369F5C" name="BENEFICIARY_BARANGAY_FK">
<createdBy>student</createdBy>
<createdTime>2025-02-22 07:01:39 UTC</createdTime>
<generatorID>3090ED04-8C4E-282A-DC80-EAE822E22A03</generatorID>
<ownerDesignName>ALDEN DB MODEL</ownerDesignName>
<indexState>Foreign Key</indexState>
<isSurrogateKey>false</isSurrogateKey>
<indexColumnUsage>
<colUsage columnID="48A7F840-9D84-D794-6F62-382616E66E30"/>
<colUsage columnID="C41C633C-276C-6BC8-CD9C-53620B96A946"/>
<colUsage columnID="79E07D3E-E2F3-5AEF-9C7B-00267E6A38FC"/>
<colUsage columnID="CDCA3AF5-66CB-10BD-FBD8-EDD05FA78393"/>
<colUsage columnID="47FB60FD-F2DA-5703-8BD8-E67009577E68"/>
</indexColumnUsage>
</ind_PK_UK>
</indexes>
</Table>