<?xml version = '1.0' encoding = 'UTF-8'?>
<Table class="oracle.dbtools.crest.model.design.relational.Table" directorySegmentName="seg_0" id="F277EDD2-4F1C-002D-18FC-50DC40F3C8A7" name="USER_GROUP">
<createdBy>student</createdBy>
<createdTime>2025-02-22 07:01:39 UTC</createdTime>
<generatorID>CA24A810-2A35-C818-91D9-906F35DC509D</generatorID>
<ownerDesignName>ALDEN DB MODEL</ownerDesignName>
<allowColumnReorder>false</allowColumnReorder>
<existDependencyGenerateInDDl>true</existDependencyGenerateInDDl>
<parsed>true</parsed>
<columns itemClass="oracle.dbtools.crest.model.design.relational.Column">
<Column name="GROUP_ID" id="A253BC71-F08E-975A-5496-97D50B43C490">
<createdBy>student</createdBy>
<createdTime>2025-02-22 07:01:39 UTC</createdTime>
<generatorID>1B66DB0E-6A41-2B12-469F-5770B546B4F0</generatorID>
<ownerDesignName>ALDEN DB MODEL</ownerDesignName>
<useDomainConstraints>false</useDomainConstraints>
<use>1</use>
<logicalDatatype>LOGDT011</logicalDatatype>
<ownDataTypeParameters>,,</ownDataTypeParameters>
<autoIncrementCycle>false</autoIncrementCycle>
</Column>
<Column name="USER_GROUP" id="42537299-F1C0-9238-D6AE-3E6694103423">
<createdBy>student</createdBy>
<createdTime>2025-02-22 07:01:39 UTC</createdTime>
<generatorID>8BA3404F-6E34-C9F4-F2D5-69119C2273BC</generatorID>
<ownerDesignName>ALDEN DB MODEL</ownerDesignName>
<useDomainConstraints>false</useDomainConstraints>
<use>1</use>
<logicalDatatype>LOGDT024</logicalDatatype>
<dataTypeSize>20</dataTypeSize>
<ownDataTypeParameters>20,,</ownDataTypeParameters>
<autoIncrementCycle>false</autoIncrementCycle>
</Column>
<Column name="STATUS" id="2C3FA791-84D9-AA5F-F9F8-718A9CA3D368">
<createdBy>student</createdBy>
<createdTime>2025-02-22 07:01:39 UTC</createdTime>
<generatorID>18EFB023-ED71-FEB9-3BC9-65222DA73989</generatorID>
<ownerDesignName>ALDEN DB MODEL</ownerDesignName>
<useDomainConstraints>false</useDomainConstraints>
<use>1</use>
<logicalDatatype>LOGDT024</logicalDatatype>
<dataTypeSize>30</dataTypeSize>
<ownDataTypeParameters>30,,</ownDataTypeParameters>
<autoIncrementCycle>false</autoIncrementCycle>
</Column>
</columns>
<indexes itemClass="oracle.dbtools.crest.model.design.relational.Index">
<ind_PK_UK id="F0AB9D50-19C5-564C-9151-DE4476845894" name="USER_GROUP_PK">
<createdBy>student</createdBy>
<createdTime>2025-02-22 07:01:39 UTC</createdTime>
<generatorID>10F651A2-8B5B-88F9-829C-13E4E88FE257</generatorID>
<ownerDesignName>ALDEN DB MODEL</ownerDesignName>
<pk>true</pk>
<indexState>Primary Constraint</indexState>
<isSurrogateKey>false</isSurrogateKey>
<indexColumnUsage>
<colUsage columnID="A253BC71-F08E-975A-5496-97D50B43C490"/>
</indexColumnUsage>
</ind_PK_UK>
</indexes>
</Table>