<?xml version = '1.0' encoding = 'UTF-8'?>
<Table class="oracle.dbtools.crest.model.design.relational.Table" directorySegmentName="seg_0" id="F7E704C3-C4A2-6E65-BE29-BDACA53D6FF0" name="USER_ACCOUNT">
<createdBy>student</createdBy>
<createdTime>2025-02-22 07:01:39 UTC</createdTime>
<generatorID>3EDA32CA-8AAC-2BA8-3579-7FB725889F28</generatorID>
<ownerDesignName>ALDEN DB MODEL</ownerDesignName>
<allowColumnReorder>false</allowColumnReorder>
<existDependencyGenerateInDDl>true</existDependencyGenerateInDDl>
<parsed>true</parsed>
<columns itemClass="oracle.dbtools.crest.model.design.relational.Column">
<Column name="ID" id="4A881CCE-1AD3-9829-F08B-DDCE2DDBEB84">
<createdBy>student</createdBy>
<createdTime>2025-02-22 07:01:39 UTC</createdTime>
<generatorID>1D6D16D8-C073-5E7B-130E-E3D5F0A930DD</generatorID>
<ownerDesignName>ALDEN DB MODEL</ownerDesignName>
<useDomainConstraints>false</useDomainConstraints>
<use>1</use>
<logicalDatatype>LOGDT011</logicalDatatype>
<ownDataTypeParameters>,,</ownDataTypeParameters>
<autoIncrementCycle>false</autoIncrementCycle>
</Column>
<Column name="EMPLOYEE_ID" id="E5DC312E-4C68-50DC-F897-BB655D2AC184">
<createdBy>student</createdBy>
<createdTime>2025-02-22 07:01:39 UTC</createdTime>
<generatorID>1853F4F5-E99B-A925-F8F0-D94E0D6BC80A</generatorID>
<ownerDesignName>ALDEN DB MODEL</ownerDesignName>
<useDomainConstraints>false</useDomainConstraints>
<use>1</use>
<logicalDatatype>LOGDT011</logicalDatatype>
<ownDataTypeParameters>,,</ownDataTypeParameters>
<autoIncrementCycle>false</autoIncrementCycle>
</Column>
<Column name="USERNAME" id="27D9CE84-B1CB-45DB-BD7E-4E3636602928">
<createdBy>student</createdBy>
<createdTime>2025-02-22 07:01:39 UTC</createdTime>
<generatorID>EB203EEC-9F4E-EFC1-1AF2-98826AAB1D9C</generatorID>
<ownerDesignName>ALDEN DB MODEL</ownerDesignName>
<useDomainConstraints>false</useDomainConstraints>
<use>1</use>
<logicalDatatype>LOGDT024</logicalDatatype>
<dataTypeSize>30</dataTypeSize>
<ownDataTypeParameters>30,,</ownDataTypeParameters>
<autoIncrementCycle>false</autoIncrementCycle>
</Column>
<Column name="PASSWORD" id="44F99D97-D92E-A17A-23DB-25AF806AAFCE">
<createdBy>student</createdBy>
<createdTime>2025-02-22 07:01:39 UTC</createdTime>
<generatorID>26209DFB-D39A-227D-DB5B-0E7EFC57A006</generatorID>
<ownerDesignName>ALDEN DB MODEL</ownerDesignName>
<useDomainConstraints>false</useDomainConstraints>
<use>1</use>
<logicalDatatype>LOGDT024</logicalDatatype>
<dataTypeSize>20</dataTypeSize>
<ownDataTypeParameters>20,,</ownDataTypeParameters>
<autoIncrementCycle>false</autoIncrementCycle>
</Column>
<Column name="STATUS" id="B0724107-7656-4712-82B9-01A64351C931">
<createdBy>student</createdBy>
<createdTime>2025-02-22 07:01:39 UTC</createdTime>
<generatorID>2BDBCD1D-3813-0C56-C7FD-6B317BE67756</generatorID>
<ownerDesignName>ALDEN DB MODEL</ownerDesignName>
<useDomainConstraints>false</useDomainConstraints>
<use>1</use>
<logicalDatatype>LOGDT011</logicalDatatype>
<ownDataTypeParameters>,,</ownDataTypeParameters>
<autoIncrementCycle>false</autoIncrementCycle>
</Column>
<Column name="GROUP_ID" id="3458439F-9459-5E07-445D-5B877E9C2427">
<createdBy>student</createdBy>
<createdTime>2025-02-22 07:01:39 UTC</createdTime>
<generatorID>428F4321-DBC6-B54E-BBBA-F2E9347D66EB</generatorID>
<ownerDesignName>ALDEN DB MODEL</ownerDesignName>
<nullsAllowed>true</nullsAllowed>
<useDomainConstraints>false</useDomainConstraints>
<use>1</use>
<logicalDatatype>LOGDT011</logicalDatatype>
<ownDataTypeParameters>,,</ownDataTypeParameters>
<autoIncrementCycle>false</autoIncrementCycle>
</Column>
<Column name="GROUP_ID1" id="1DFC67FD-407D-8AA0-84A3-0ACF50C907A4">
<createdBy>student</createdBy>
<createdTime>2025-02-22 07:01:39 UTC</createdTime>
<generatorID>8EA858BA-42EF-E4D5-4B67-C3FF5D65680C</generatorID>
<ownerDesignName>ALDEN DB MODEL</ownerDesignName>
<useDomainConstraints>false</useDomainConstraints>
<use>1</use>
<logicalDatatype>LOGDT011</logicalDatatype>
<ownDataTypeParameters>,,</ownDataTypeParameters>
<previousColumn>false</previousColumn>
<autoIncrementCycle>false</autoIncrementCycle>
<associations>
<colAssociation fkAssociation="368CF6C1-71EA-605D-0FD1-FE9AE7333549" referredColumn="A253BC71-F08E-975A-5496-97D50B43C490"/>
</associations>
</Column>
<Column name="ID1" id="8C62DE95-8F74-0ACC-9C1A-F6357FDE1D5E">
<createdBy>student</createdBy>
<createdTime>2025-02-22 07:01:39 UTC</createdTime>
<generatorID>19E9A088-304E-7DF7-D00C-5C9743003169</generatorID>
<ownerDesignName>ALDEN DB MODEL</ownerDesignName>
<useDomainConstraints>false</useDomainConstraints>
<use>1</use>
<logicalDatatype>LOGDT011</logicalDatatype>
<ownDataTypeParameters>,,</ownDataTypeParameters>
<previousColumn>false</previousColumn>
<autoIncrementCycle>false</autoIncrementCycle>
<associations>
<colAssociation fkAssociation="B438985F-82F1-6E1F-4199-1C4740DED450" referredColumn="5F27D6B0-9A85-FE41-4CF6-F668856E1687"/>
</associations>
</Column>
<Column name="ID11" id="3B18A0C1-A27C-1B2B-D9A4-427F9B6B94EB">
<createdBy>student</createdBy>
<createdTime>2025-02-22 07:01:39 UTC</createdTime>
<generatorID>52C4317E-D4D5-0ACF-A2E9-69C2DECCA1F6</generatorID>
<ownerDesignName>ALDEN DB MODEL</ownerDesignName>
<useDomainConstraints>false</useDomainConstraints>
<use>1</use>
<logicalDatatype>LOGDT011</logicalDatatype>
<ownDataTypeParameters>,,</ownDataTypeParameters>
<previousColumn>false</previousColumn>
<autoIncrementCycle>false</autoIncrementCycle>
<associations>
<colAssociation fkAssociation="B438985F-82F1-6E1F-4199-1C4740DED450" referredColumn="189DB809-DEF3-BB9E-7A8C-79579A749D08"/>
</associations>
</Column>
</columns>
<indexes itemClass="oracle.dbtools.crest.model.design.relational.Index">
<ind_PK_UK id="79D1D344-87E2-DDF9-F94A-75D3BF2C62F0" name="USER_ACCOUNT_PK">
<createdBy>student</createdBy>
<createdTime>2025-02-22 07:01:39 UTC</createdTime>
<generatorID>1F10E05B-7345-0BDB-758E-FC6CC0B99991</generatorID>
<ownerDesignName>ALDEN DB MODEL</ownerDesignName>
<pk>true</pk>
<indexState>Primary Constraint</indexState>
<isSurrogateKey>false</isSurrogateKey>
<indexColumnUsage>
<colUsage columnID="4A881CCE-1AD3-9829-F08B-DDCE2DDBEB84"/>
<colUsage columnID="1DFC67FD-407D-8AA0-84A3-0ACF50C907A4"/>
</indexColumnUsage>
</ind_PK_UK>
<ind_PK_UK id="4BB20C29-2BFB-32CD-5934-13ACB8E0AFB6" name="USER_ACCOUNT_GROUP_ID_UN">
<createdBy>student</createdBy>
<createdTime>2025-02-22 07:01:39 UTC</createdTime>
<generatorID>6099F386-C3E0-6093-9470-0D8B04B77937</generatorID>
<ownerDesignName>ALDEN DB MODEL</ownerDesignName>
<indexState>Unique Constraint</indexState>
<isSurrogateKey>false</isSurrogateKey>
<indexColumnUsage>
<colUsage columnID="3458439F-9459-5E07-445D-5B877E9C2427"/>
</indexColumnUsage>
</ind_PK_UK>
<ind_PK_UK id="DFA91D71-0F33-B7D5-05D8-B22B0CFEE41E" name="USER_ACCOUNT_EMPLOYEE_ID_UN">
<createdBy>student</createdBy>
<createdTime>2025-02-22 07:01:39 UTC</createdTime>
<generatorID>51223647-D1FA-842D-09CB-F52266577572</generatorID>
<ownerDesignName>ALDEN DB MODEL</ownerDesignName>
<indexState>Unique Constraint</indexState>
<isSurrogateKey>false</isSurrogateKey>
<indexColumnUsage>
<colUsage columnID="E5DC312E-4C68-50DC-F897-BB655D2AC184"/>
</indexColumnUsage>
</ind_PK_UK>
<ind_PK_UK id="306A502B-D8CA-B89E-AE39-2ADCAE9FE2BD" name="USER_ACCOUNT__IDX">
<createdBy>student</createdBy>
<createdTime>2025-02-22 07:01:39 UTC</createdTime>
<ownerDesignName>ALDEN DB MODEL</ownerDesignName>
<indexState>Unique Plain Index</indexState>
<isSurrogateKey>false</isSurrogateKey>
<relationGeneratorID>371CD572-A210-E707-CBFE-6E590A4D1BE6</relationGeneratorID>
<indexColumnUsage>
<colUsage columnID="8C62DE95-8F74-0ACC-9C1A-F6357FDE1D5E"/>
<colUsage columnID="3B18A0C1-A27C-1B2B-D9A4-427F9B6B94EB"/>
</indexColumnUsage>
</ind_PK_UK>
<ind_PK_UK id="5AC8580A-7BBE-E0BB-6C0F-7DF3D0317DC5" name="USER_ACCOUNT_USER_GROUP_FK">
<createdBy>student</createdBy>
<createdTime>2025-02-22 07:01:39 UTC</createdTime>
<generatorID>779B6AEC-E6DD-D0C2-08E7-D97A65419EA3</generatorID>
<ownerDesignName>ALDEN DB MODEL</ownerDesignName>
<indexState>Foreign Key</indexState>
<isSurrogateKey>false</isSurrogateKey>
<indexColumnUsage>
<colUsage columnID="1DFC67FD-407D-8AA0-84A3-0ACF50C907A4"/>
</indexColumnUsage>
</ind_PK_UK>
<ind_PK_UK id="47724EDA-A62A-A4DE-9D11-4C29A781B09D" name="USER_ACCOUNT_EMPLOYEE_FK">
<createdBy>student</createdBy>
<createdTime>2025-02-23 02:29:20 UTC</createdTime>
<generatorID>371CD572-A210-E707-CBFE-6E590A4D1BE6</generatorID>
<ownerDesignName>ALDEN DB MODEL</ownerDesignName>
<indexState>Foreign Key</indexState>
<isSurrogateKey>false</isSurrogateKey>
<indexColumnUsage>
<colUsage columnID="8C62DE95-8F74-0ACC-9C1A-F6357FDE1D5E"/>
<colUsage columnID="3B18A0C1-A27C-1B2B-D9A4-427F9B6B94EB"/>
</indexColumnUsage>
</ind_PK_UK>
</indexes>
</Table>