<?xml version = '1.0' encoding = 'UTF-8'?>
<Diagram class="oracle.dbtools.crest.swingui.logical.DPVLogical" name="Logical" id="06F6E157-6654-0CCF-C86E-EF0AD43F2D36">
<createdBy>student</createdBy>
<modifiedBy>student</modifiedBy>
<createdTime>2025-02-22 01:35:32 UTC</createdTime>
<autoRoute>false</autoRoute>
<boxInbox>true</boxInbox>
<showLegend>false</showLegend>
<showLabels>false</showLabels>
<showRelAttributes>false</showRelAttributes>
<gridEnabled>false</gridEnabled>
<showGrid>false</showGrid>
<diagramColor>-1</diagramColor>
<display>false</display>
<notation>1</notation>
<objectViews>
<OView class="oracle.dbtools.crest.swingui.logical.TVEntity" oid="04F53EDC-EFFA-92FC-D551-6D50789D5965" otype="Entity" vid="EA81D834-E742-E692-75C6-D2E9BF5006AF">
<hideElementsInCurrentOnly>false</hideElementsInCurrentOnly>
<bounds x="977" y="535" width="170" height="132"/>
</OView>
<OView class="oracle.dbtools.crest.swingui.logical.TVEntity" oid="38A7E60B-8271-C494-571E-21696C080BDD" otype="Entity" vid="C62A5AA1-2284-98C6-2BD6-8C3F98B82BB7">
<hideElementsInCurrentOnly>false</hideElementsInCurrentOnly>
<bounds x="1230" y="506" width="153" height="165"/>
</OView>
<OView class="oracle.dbtools.crest.swingui.logical.TVEntity" oid="3EDA32CA-8AAC-2BA8-3579-7FB725889F28" otype="Entity" vid="A09AC298-959F-DBBD-49E9-E68328D9F23E">
<hideElementsInCurrentOnly>false</hideElementsInCurrentOnly>
<bounds x="430" y="530" width="170" height="112"/>
</OView>
<OView class="oracle.dbtools.crest.swingui.logical.TVEntity" oid="67CEDCF7-7118-2A1D-3617-EED0C87A7D27" otype="Entity" vid="FBAC178D-BA17-13E6-F5B3-A96AC011B518">
<hideElementsInCurrentOnly>false</hideElementsInCurrentOnly>
<bounds x="979" y="688" width="172" height="155"/>
</OView>
<OView class="oracle.dbtools.crest.swingui.logical.TVEntity" oid="6A6235FD-16FF-6CAA-D87F-65A589160FDB" otype="Entity" vid="BBF9454F-738D-2F20-8709-5F5364D3449A">
<hideElementsInCurrentOnly>false</hideElementsInCurrentOnly>
<bounds x="155" y="708" width="170" height="111"/>
</OView>
<OView class="oracle.dbtools.crest.swingui.logical.TVEntity" oid="6CD88A36-F8F7-5F50-060A-33B4795F0E76" otype="Entity" vid="4DB6481A-7048-E7F9-E757-153724787AF9">
<hideElementsInCurrentOnly>false</hideElementsInCurrentOnly>
<bounds x="427" y="179" width="170" height="114"/>
</OView>
<OView class="oracle.dbtools.crest.swingui.logical.TVEntity" oid="7D015859-7A69-E7DF-7437-7B9B0A73CDFE" otype="Entity" vid="028A60A0-B3F8-0F96-9AAA-9CBD4D767CCD">
<hideElementsInCurrentOnly>false</hideElementsInCurrentOnly>
<bounds x="982" y="299" width="170" height="223"/>
</OView>
<OView class="oracle.dbtools.crest.swingui.logical.TVEntity" oid="8786A37B-BD93-2EDF-D057-394891C7C539" otype="Entity" vid="95684E0D-24C2-5235-F165-1F74DDD2EAF2">
<hideElementsInCurrentOnly>false</hideElementsInCurrentOnly>
<bounds x="697" y="177" width="170" height="109"/>
</OView>
<OView class="oracle.dbtools.crest.swingui.logical.TVEntity" oid="8AC60E4E-2816-4372-C99B-1A9449CA4066" otype="Entity" vid="2CA8382C-33C8-5848-F184-54B087DA1331">
<hideElementsInCurrentOnly>false</hideElementsInCurrentOnly>
<bounds x="1220" y="183" width="170" height="69"/>
</OView>
<OView class="oracle.dbtools.crest.swingui.logical.TVEntity" oid="9369ACAA-A01B-E6DB-D929-363B2D9AC2E5" otype="Entity" vid="4CEE0284-772F-2C0D-B51A-18E1764D0218">
<hideElementsInCurrentOnly>false</hideElementsInCurrentOnly>
<bounds x="149" y="357" width="170" height="113"/>
</OView>
<OView class="oracle.dbtools.crest.swingui.logical.TVEntity" oid="936F92EC-BE63-EBE9-7152-D60A6F2C0AF8" otype="Entity" vid="B2A47F27-EBFC-DC4E-D6DA-F08F1A48EDD4">
<hideElementsInCurrentOnly>false</hideElementsInCurrentOnly>
<bounds x="979" y="180" width="170" height="98"/>
</OView>
<OView class="oracle.dbtools.crest.swingui.logical.TVEntity" oid="991708F6-F9B9-FE80-1407-03467AD98575" otype="Entity" vid="909F9C6D-9DE0-DB6D-1E9C-3C6D2E96AE79">
<hideElementsInCurrentOnly>false</hideElementsInCurrentOnly>
<bounds x="701" y="351" width="170" height="113"/>
</OView>
<OView class="oracle.dbtools.crest.swingui.logical.TVEntity" oid="CA24A810-2A35-C818-91D9-906F35DC509D" otype="Entity" vid="254CCBEB-A95A-73DB-C96E-45139AA24878">
<hideElementsInCurrentOnly>false</hideElementsInCurrentOnly>
<bounds x="154" y="535" width="170" height="113"/>
</OView>
<OView class="oracle.dbtools.crest.swingui.logical.TVEntity" oid="D030EC6D-9024-5092-197F-4CA60166034C" otype="Entity" vid="396D9ABA-031F-724C-7FAA-B8389C5791B0">
<hideElementsInCurrentOnly>false</hideElementsInCurrentOnly>
<bounds x="703" y="525" width="168" height="110"/>
</OView>
<OView class="oracle.dbtools.crest.swingui.logical.TVEntity" oid="D72E613B-252E-AF49-8C90-B42B1ABAD4C1" otype="Entity" vid="6A49A571-9A94-98D6-1D49-2440D4FECBBB">
<hideElementsInCurrentOnly>false</hideElementsInCurrentOnly>
<bounds x="426" y="356" width="170" height="114"/>
</OView>
<OView class="oracle.dbtools.crest.swingui.logical.TVEntity" oid="FDBDD0C3-9B68-0991-2C3C-B097D37D0D23" otype="Entity" vid="DB84DD88-C5EE-8A66-11F2-EC2CB86339F7">
<hideElementsInCurrentOnly>false</hideElementsInCurrentOnly>
<bounds x="436" y="707" width="170" height="111"/>
</OView>
</objectViews>
<connectors>
<Connector class="oracle.dbtools.crest.swingui.logical.TVRelation" oid="26C4987B-3144-6BC3-2B88-8C3A41C2115C" otype="Relation" vid_source="B2A47F27-EBFC-DC4E-D6DA-F08F1A48EDD4" vid_target="2CA8382C-33C8-5848-F184-54B087DA1331">
<hideElementsInCurrentOnly>false</hideElementsInCurrentOnly>
<backgroundColor>-16777216</backgroundColor>
<lineWidth>1</lineWidth>
<points>
<point x="1149" y="217"/>
<point x="1220" y="217"/>
</points>
</Connector>
<Connector class="oracle.dbtools.crest.swingui.logical.TVRelation" oid="28D2EE26-5D46-92DD-33A4-E9B01B4A4378" otype="Relation" vid_source="EA81D834-E742-E692-75C6-D2E9BF5006AF" vid_target="396D9ABA-031F-724C-7FAA-B8389C5791B0">
<hideElementsInCurrentOnly>false</hideElementsInCurrentOnly>
<backgroundColor>-16777216</backgroundColor>
<lineWidth>1</lineWidth>
<points>
<point x="977" y="585"/>
<point x="871" y="585"/>
</points>
</Connector>
<Connector class="oracle.dbtools.crest.swingui.logical.TVRelation" oid="2BE2A03F-C6E9-A661-2DFA-50D5227CF111" otype="Relation" vid_source="4DB6481A-7048-E7F9-E757-153724787AF9" vid_target="95684E0D-24C2-5235-F165-1F74DDD2EAF2">
<hideElementsInCurrentOnly>false</hideElementsInCurrentOnly>
<backgroundColor>-16777216</backgroundColor>
<lineWidth>1</lineWidth>
<points>
<point x="597" y="232"/>
<point x="697" y="232"/>
</points>
</Connector>
<Connector class="oracle.dbtools.crest.swingui.logical.TVRelation" oid="3090ED04-8C4E-282A-DC80-EAE822E22A03" otype="Relation" vid_source="909F9C6D-9DE0-DB6D-1E9C-3C6D2E96AE79" vid_target="028A60A0-B3F8-0F96-9AAA-9CBD4D767CCD">
<hideElementsInCurrentOnly>false</hideElementsInCurrentOnly>
<backgroundColor>-16777216</backgroundColor>
<lineWidth>1</lineWidth>
<points>
<point x="871" y="422"/>
<point x="982" y="422"/>
</points>
</Connector>
<Connector class="oracle.dbtools.crest.swingui.logical.TVRelation" oid="371CD572-A210-E707-CBFE-6E590A4D1BE6" otype="Relation" vid_source="A09AC298-959F-DBBD-49E9-E68328D9F23E" vid_target="6A49A571-9A94-98D6-1D49-2440D4FECBBB">
<hideElementsInCurrentOnly>false</hideElementsInCurrentOnly>
<backgroundColor>-16777216</backgroundColor>
<lineWidth>1</lineWidth>
<points>
<point x="513" y="530"/>
<point x="513" y="470"/>
</points>
</Connector>
<Connector class="oracle.dbtools.crest.swingui.logical.TVRelation" oid="439B564D-D30C-CD3B-EFD7-31C77592F3D3" otype="Relation" vid_source="6A49A571-9A94-98D6-1D49-2440D4FECBBB" vid_target="FBAC178D-BA17-13E6-F5B3-A96AC011B518">
<hideElementsInCurrentOnly>false</hideElementsInCurrentOnly>
<backgroundColor>-16777216</backgroundColor>
<lineWidth>1</lineWidth>
<points>
<point x="596" y="376"/>
<point x="689" y="376"/>
<point x="690" y="792"/>
<point x="979" y="792"/>
</points>
</Connector>
<Connector class="oracle.dbtools.crest.swingui.logical.TVRelation" oid="451EDC50-691F-DC8A-3AAA-46EB2E6EC0ED" otype="Relation" vid_source="6A49A571-9A94-98D6-1D49-2440D4FECBBB" vid_target="4DB6481A-7048-E7F9-E757-153724787AF9">
<hideElementsInCurrentOnly>false</hideElementsInCurrentOnly>
<backgroundColor>-16777216</backgroundColor>
<lineWidth>1</lineWidth>
<points>
<point x="526" y="356"/>
<point x="526" y="293"/>
</points>
</Connector>
<Connector class="oracle.dbtools.crest.swingui.logical.TVRelation" oid="50DCDFE2-D4F0-CA2A-439F-6E59A7763DB2" otype="Relation" vid_source="6A49A571-9A94-98D6-1D49-2440D4FECBBB" vid_target="FBAC178D-BA17-13E6-F5B3-A96AC011B518">
<hideElementsInCurrentOnly>false</hideElementsInCurrentOnly>
<backgroundColor>-16777216</backgroundColor>
<lineWidth>1</lineWidth>
<points>
<point x="596" y="422"/>
<point x="654" y="422"/>
<point x="654" y="835"/>
<point x="979" y="835"/>
</points>
</Connector>
<Connector class="oracle.dbtools.crest.swingui.logical.TVRelation" oid="604CA257-6EAA-3AE9-A69D-1FE79F9949EA" otype="Relation" vid_source="4CEE0284-772F-2C0D-B51A-18E1764D0218" vid_target="6A49A571-9A94-98D6-1D49-2440D4FECBBB">
<hideElementsInCurrentOnly>false</hideElementsInCurrentOnly>
<backgroundColor>-16777216</backgroundColor>
<lineWidth>1</lineWidth>
<points>
<point x="319" y="413"/>
<point x="426" y="413"/>
</points>
</Connector>
<Connector class="oracle.dbtools.crest.swingui.logical.TVRelation" oid="69EFCA6B-A989-5D9D-F365-09CBD7DB0C53" otype="Relation" vid_source="909F9C6D-9DE0-DB6D-1E9C-3C6D2E96AE79" vid_target="95684E0D-24C2-5235-F165-1F74DDD2EAF2">
<hideElementsInCurrentOnly>false</hideElementsInCurrentOnly>
<backgroundColor>-16777216</backgroundColor>
<lineWidth>1</lineWidth>
<points>
<point x="784" y="351"/>
<point x="784" y="286"/>
</points>
</Connector>
<Connector class="oracle.dbtools.crest.swingui.logical.TVRelation" oid="738DFC8F-06FF-213C-F73D-F982109167E5" otype="Relation" vid_source="EA81D834-E742-E692-75C6-D2E9BF5006AF" vid_target="FBAC178D-BA17-13E6-F5B3-A96AC011B518">
<hideElementsInCurrentOnly>false</hideElementsInCurrentOnly>
<backgroundColor>-16777216</backgroundColor>
<lineWidth>1</lineWidth>
<points>
<point x="1066" y="667"/>
<point x="1066" y="688"/>
</points>
</Connector>
<Connector class="oracle.dbtools.crest.swingui.logical.TVRelation" oid="73A062B2-051D-5154-1A44-639A52E5670E" otype="Relation" vid_source="028A60A0-B3F8-0F96-9AAA-9CBD4D767CCD" vid_target="396D9ABA-031F-724C-7FAA-B8389C5791B0">
<hideElementsInCurrentOnly>false</hideElementsInCurrentOnly>
<backgroundColor>-16777216</backgroundColor>
<lineWidth>1</lineWidth>
<points>
<point x="982" y="485"/>
<point x="783" y="485"/>
<point x="783" y="525"/>
</points>
</Connector>
<Connector class="oracle.dbtools.crest.swingui.logical.TVRelation" oid="7648934B-B220-F31E-15D4-9214FBE7C63A" otype="Relation" vid_source="C62A5AA1-2284-98C6-2BD6-8C3F98B82BB7" vid_target="EA81D834-E742-E692-75C6-D2E9BF5006AF">
<hideElementsInCurrentOnly>false</hideElementsInCurrentOnly>
<backgroundColor>-16777216</backgroundColor>
<lineWidth>1</lineWidth>
<points>
<point x="1230" y="601"/>
<point x="1147" y="601"/>
</points>
</Connector>
<Connector class="oracle.dbtools.crest.swingui.logical.TVRelation" oid="779B6AEC-E6DD-D0C2-08E7-D97A65419EA3" otype="Relation" vid_source="254CCBEB-A95A-73DB-C96E-45139AA24878" vid_target="A09AC298-959F-DBBD-49E9-E68328D9F23E">
<hideElementsInCurrentOnly>false</hideElementsInCurrentOnly>
<backgroundColor>-16777216</backgroundColor>
<lineWidth>1</lineWidth>
<points>
<point x="324" y="588"/>
<point x="430" y="588"/>
</points>
</Connector>
<Connector class="oracle.dbtools.crest.swingui.logical.TVRelation" oid="8372D8A4-B210-AC88-B53F-0A53B5E67650" otype="Relation" vid_source="BBF9454F-738D-2F20-8709-5F5364D3449A" vid_target="DB84DD88-C5EE-8A66-11F2-EC2CB86339F7">
<hideElementsInCurrentOnly>false</hideElementsInCurrentOnly>
<backgroundColor>-16777216</backgroundColor>
<lineWidth>1</lineWidth>
<points>
<point x="325" y="763"/>
<point x="436" y="763"/>
</points>
</Connector>
<Connector class="oracle.dbtools.crest.swingui.logical.TVRelation" oid="AECEFB10-FEDA-D1FB-E96F-CB6BDDB4D2B1" otype="Relation" vid_source="B2A47F27-EBFC-DC4E-D6DA-F08F1A48EDD4" vid_target="95684E0D-24C2-5235-F165-1F74DDD2EAF2">
<hideElementsInCurrentOnly>false</hideElementsInCurrentOnly>
<backgroundColor>-16777216</backgroundColor>
<lineWidth>1</lineWidth>
<points>
<point x="979" y="229"/>
<point x="867" y="229"/>
</points>
</Connector>
<Connector class="oracle.dbtools.crest.swingui.logical.TVRelation" oid="BED9ABE7-B652-E5F7-3C0F-3F3BA3BCD331" otype="Relation" vid_source="254CCBEB-A95A-73DB-C96E-45139AA24878" vid_target="BBF9454F-738D-2F20-8709-5F5364D3449A">
<hideElementsInCurrentOnly>false</hideElementsInCurrentOnly>
<backgroundColor>-16777216</backgroundColor>
<lineWidth>1</lineWidth>
<points>
<point x="239" y="648"/>
<point x="239" y="708"/>
</points>
</Connector>
<Connector class="oracle.dbtools.crest.swingui.logical.TVRelation" oid="CC70BB2B-BB5D-79AA-886B-BEE55191F9F3" otype="Relation" vid_source="6A49A571-9A94-98D6-1D49-2440D4FECBBB" vid_target="FBAC178D-BA17-13E6-F5B3-A96AC011B518">
<hideElementsInCurrentOnly>false</hideElementsInCurrentOnly>
<backgroundColor>-16777216</backgroundColor>
<lineWidth>1</lineWidth>
<points>
<point x="596" y="401"/>
<point x="676" y="401"/>
<point x="676" y="812"/>
<point x="979" y="812"/>
</points>
</Connector>
</connectors>
</Diagram>