<?xml version = '1.0' encoding = 'UTF-8'?>
<Diagram class="oracle.dbtools.crest.swingui.relational.DPVRelational" name="Relational_1" id="B5DC77F0-0B9C-B4C6-EDE5-71266AEF8B26">
<createdBy>student</createdBy>
<modifiedBy>student</modifiedBy>
<createdTime>2025-02-22 02:12:39 UTC</createdTime>
<autoRoute>false</autoRoute>
<boxInbox>true</boxInbox>
<showLegend>false</showLegend>
<showLabels>false</showLabels>
<showRelAttributes>false</showRelAttributes>
<gridEnabled>false</gridEnabled>
<showGrid>false</showGrid>
<diagramColor>-1</diagramColor>
<display>false</display>
<notation>1</notation>
<objectViews>
<OView class="oracle.dbtools.crest.swingui.relational.TVTable" oid="0660FA52-B414-EDBA-BA53-CDC7D9A09B96" otype="Table" vid="8E3CB8B7-09C3-1EAE-A833-19FD9AF1D3B3">
<hideElementsInCurrentOnly>false</hideElementsInCurrentOnly>
<bounds x="436" y="707" width="170" height="111"/>
</OView>
<OView class="oracle.dbtools.crest.swingui.relational.TVTable" oid="163AB8D8-12A6-099E-EED9-CE948FF5F721" otype="Table" vid="2363BA0D-66E4-EA86-98EC-476656D42722">
<hideElementsInCurrentOnly>false</hideElementsInCurrentOnly>
<bounds x="979" y="180" width="170" height="98"/>
</OView>
<OView class="oracle.dbtools.crest.swingui.relational.TVTable" oid="2674934B-2913-7B93-63E1-F0B20BE17294" otype="Table" vid="8FA0BF71-B8BC-01A7-BB46-A15F970F3332">
<hideElementsInCurrentOnly>false</hideElementsInCurrentOnly>
<bounds x="427" y="179" width="170" height="114"/>
</OView>
<OView class="oracle.dbtools.crest.swingui.relational.TVTable" oid="362A1952-DEC4-A608-2124-23D496E8C590" otype="Table" vid="5CAC61F6-DC4D-4241-2981-75BFB08BFBC8">
<hideElementsInCurrentOnly>false</hideElementsInCurrentOnly>
<bounds x="1230" y="506" width="153" height="165"/>
</OView>
<OView class="oracle.dbtools.crest.swingui.relational.TVTable" oid="50EDDFD4-3576-524A-AE08-2E51A2A49511" otype="Table" vid="50C9909A-0E8B-4019-4503-7352C1F3D6EE">
<hideElementsInCurrentOnly>false</hideElementsInCurrentOnly>
<bounds x="1214" y="195" width="170" height="69"/>
</OView>
<OView class="oracle.dbtools.crest.swingui.relational.TVTable" oid="78DFFAC8-7079-97D5-553A-56EDF178C0E4" otype="Table" vid="71407D34-ABDE-C81E-CA52-A5E104A25C16">
<hideElementsInCurrentOnly>false</hideElementsInCurrentOnly>
<bounds x="980" y="734" width="172" height="245"/>
</OView>
<OView class="oracle.dbtools.crest.swingui.relational.TVTable" oid="92A8E6FE-42C6-7447-F31A-8F136E6696E0" otype="Table" vid="98BA8BC6-BFD9-66BD-E2DA-077C66F516A8">
<hideElementsInCurrentOnly>false</hideElementsInCurrentOnly>
<bounds x="697" y="177" width="170" height="109"/>
</OView>
<OView class="oracle.dbtools.crest.swingui.relational.TVTable" oid="99910FCE-00D3-9026-42D9-B40EB6D85D05" otype="Table" vid="C77DD17F-EED4-AF82-ECC9-027965092CE7">
<hideElementsInCurrentOnly>false</hideElementsInCurrentOnly>
<bounds x="977" y="535" width="170" height="171"/>
</OView>
<OView class="oracle.dbtools.crest.swingui.relational.TVTable" oid="9E9A677C-5EC9-D6A9-D40B-88C58E4D0B13" otype="Table" vid="ABFE069A-38A2-EA91-5FFF-413A6935A9DF">
<hideElementsInCurrentOnly>false</hideElementsInCurrentOnly>
<bounds x="426" y="356" width="170" height="114"/>
</OView>
<OView class="oracle.dbtools.crest.swingui.relational.TVTable" oid="AB217997-7A20-10C0-513D-A833A8113B71" otype="Table" vid="C9BBA1E4-DD06-9C90-796C-28BA4B5F3F4F">
<hideElementsInCurrentOnly>false</hideElementsInCurrentOnly>
<bounds x="703" y="525" width="168" height="110"/>
</OView>
<OView class="oracle.dbtools.crest.swingui.relational.TVTable" oid="BA787ADA-E2B2-F041-845A-83094869D016" otype="Table" vid="57D9F108-E1F7-6119-EBE7-861AFCC3B771">
<hideElementsInCurrentOnly>false</hideElementsInCurrentOnly>
<bounds x="149" y="357" width="170" height="113"/>
</OView>
<OView class="oracle.dbtools.crest.swingui.relational.TVTable" oid="CA1422C2-C8C9-A87C-DF10-4A5B6C97E538" otype="Table" vid="C7D10391-9A9E-D5BA-0BD0-E05BCC6293D2">
<hideElementsInCurrentOnly>false</hideElementsInCurrentOnly>
<bounds x="701" y="351" width="170" height="113"/>
</OView>
<OView class="oracle.dbtools.crest.swingui.relational.TVTable" oid="CA2433D9-8A15-930B-1C5D-BEED98B3445D" otype="Table" vid="C7210816-2F41-53B4-2CBC-5D023CD132DC">
<hideElementsInCurrentOnly>false</hideElementsInCurrentOnly>
<bounds x="155" y="708" width="170" height="111"/>
</OView>
<OView class="oracle.dbtools.crest.swingui.relational.TVTable" oid="EDD7DB01-3A4D-162A-48F2-A3370FB9998F" otype="Table" vid="90961602-59F8-8875-3BA1-9CFBDF4AA916">
<hideElementsInCurrentOnly>false</hideElementsInCurrentOnly>
<bounds x="982" y="299" width="170" height="223"/>
</OView>
<OView class="oracle.dbtools.crest.swingui.relational.TVTable" oid="F277EDD2-4F1C-002D-18FC-50DC40F3C8A7" otype="Table" vid="737A1E76-BAB8-B0DD-4EE7-2A29E0DADE06">
<hideElementsInCurrentOnly>false</hideElementsInCurrentOnly>
<bounds x="154" y="535" width="170" height="113"/>
</OView>
<OView class="oracle.dbtools.crest.swingui.relational.TVTable" oid="F7E704C3-C4A2-6E65-BE29-BDACA53D6FF0" otype="Table" vid="EDFBBCDF-CA75-6DF9-4863-409EDD60451B">
<hideElementsInCurrentOnly>false</hideElementsInCurrentOnly>
<bounds x="430" y="530" width="170" height="112"/>
</OView>
</objectViews>
<connectors>
<Connector class="oracle.dbtools.crest.swingui.relational.TVFKRelation" oid="01E1D1E2-1ACA-F9AE-6D4F-1E1F63712469" otype="FKIndexAssociation" vid_source="2363BA0D-66E4-EA86-98EC-476656D42722" vid_target="98BA8BC6-BFD9-66BD-E2DA-077C66F516A8">
<hideElementsInCurrentOnly>false</hideElementsInCurrentOnly>
<backgroundColor>-16777216</backgroundColor>
<lineWidth>1</lineWidth>
<points>
<point x="979" y="229"/>
<point x="867" y="229"/>
</points>
</Connector>
<Connector class="oracle.dbtools.crest.swingui.relational.TVFKRelation" oid="08BECE0C-0BD9-8BCF-B91B-452B322EFE25" otype="FKIndexAssociation" vid_source="90961602-59F8-8875-3BA1-9CFBDF4AA916" vid_target="C9BBA1E4-DD06-9C90-796C-28BA4B5F3F4F">
<hideElementsInCurrentOnly>false</hideElementsInCurrentOnly>
<backgroundColor>-16777216</backgroundColor>
<lineWidth>1</lineWidth>
<points>
<point x="982" y="485"/>
<point x="783" y="485"/>
<point x="783" y="525"/>
</points>
</Connector>
<Connector class="oracle.dbtools.crest.swingui.relational.TVFKRelation" oid="0A14482E-4BEC-BAAC-BEC2-0B8CAED35D4F" otype="FKIndexAssociation" vid_source="ABFE069A-38A2-EA91-5FFF-413A6935A9DF" vid_target="8FA0BF71-B8BC-01A7-BB46-A15F970F3332">
<hideElementsInCurrentOnly>false</hideElementsInCurrentOnly>
<backgroundColor>-16777216</backgroundColor>
<lineWidth>1</lineWidth>
<points>
<point x="496" y="356"/>
<point x="496" y="293"/>
</points>
</Connector>
<Connector class="oracle.dbtools.crest.swingui.relational.TVFKRelation" oid="19905E50-A071-E243-CC7D-14F6F707C7E6" otype="FKIndexAssociation" vid_source="50C9909A-0E8B-4019-4503-7352C1F3D6EE" vid_target="2363BA0D-66E4-EA86-98EC-476656D42722">
<hideElementsInCurrentOnly>false</hideElementsInCurrentOnly>
<backgroundColor>-16777216</backgroundColor>
<lineWidth>1</lineWidth>
<points>
<point x="1214" y="229"/>
<point x="1149" y="229"/>
</points>
</Connector>
<Connector class="oracle.dbtools.crest.swingui.relational.TVFKRelation" oid="1CA97A43-06C9-CAB1-A8B4-17B538859E96" otype="FKIndexAssociation" vid_source="C7D10391-9A9E-D5BA-0BD0-E05BCC6293D2" vid_target="90961602-59F8-8875-3BA1-9CFBDF4AA916">
<hideElementsInCurrentOnly>false</hideElementsInCurrentOnly>
<backgroundColor>-16777216</backgroundColor>
<lineWidth>1</lineWidth>
<points>
<point x="871" y="422"/>
<point x="982" y="422"/>
</points>
</Connector>
<Connector class="oracle.dbtools.crest.swingui.relational.TVFKRelation" oid="368CF6C1-71EA-605D-0FD1-FE9AE7333549" otype="FKIndexAssociation" vid_source="737A1E76-BAB8-B0DD-4EE7-2A29E0DADE06" vid_target="EDFBBCDF-CA75-6DF9-4863-409EDD60451B">
<hideElementsInCurrentOnly>false</hideElementsInCurrentOnly>
<backgroundColor>-16777216</backgroundColor>
<lineWidth>1</lineWidth>
<points>
<point x="324" y="588"/>
<point x="430" y="588"/>
</points>
</Connector>
<Connector class="oracle.dbtools.crest.swingui.relational.TVFKRelation" oid="46CCE961-ECF5-0166-2917-A0E6BCFE250E" otype="FKIndexAssociation" vid_source="737A1E76-BAB8-B0DD-4EE7-2A29E0DADE06" vid_target="C7210816-2F41-53B4-2CBC-5D023CD132DC">
<hideElementsInCurrentOnly>false</hideElementsInCurrentOnly>
<backgroundColor>-16777216</backgroundColor>
<lineWidth>1</lineWidth>
<points>
<point x="239" y="648"/>
<point x="239" y="708"/>
</points>
</Connector>
<Connector class="oracle.dbtools.crest.swingui.relational.TVFKRelation" oid="8A5F09D5-5170-6489-5DF7-0CEFF8EC8240" otype="FKIndexAssociation" vid_source="5CAC61F6-DC4D-4241-2981-75BFB08BFBC8" vid_target="C77DD17F-EED4-AF82-ECC9-027965092CE7">
<hideElementsInCurrentOnly>false</hideElementsInCurrentOnly>
<backgroundColor>-16777216</backgroundColor>
<lineWidth>1</lineWidth>
<points>
<point x="1230" y="618"/>
<point x="1147" y="618"/>
</points>
</Connector>
<Connector class="oracle.dbtools.crest.swingui.relational.TVFKRelation" oid="8DED7D0C-EA65-E1E9-9959-B111AFB45B0A" otype="FKIndexAssociation" vid_source="ABFE069A-38A2-EA91-5FFF-413A6935A9DF" vid_target="71407D34-ABDE-C81E-CA52-A5E104A25C16">
<hideElementsInCurrentOnly>false</hideElementsInCurrentOnly>
<backgroundColor>-16777216</backgroundColor>
<lineWidth>1</lineWidth>
<points>
<point x="596" y="422"/>
<point x="654" y="422"/>
<point x="654" y="835"/>
<point x="980" y="835"/>
</points>
</Connector>
<Connector class="oracle.dbtools.crest.swingui.relational.TVFKRelation" oid="91D86409-9A2F-9E0D-2FBA-A7E1C8006BF0" otype="FKIndexAssociation" vid_source="ABFE069A-38A2-EA91-5FFF-413A6935A9DF" vid_target="71407D34-ABDE-C81E-CA52-A5E104A25C16">
<hideElementsInCurrentOnly>false</hideElementsInCurrentOnly>
<backgroundColor>-16777216</backgroundColor>
<lineWidth>1</lineWidth>
<points>
<point x="596" y="376"/>
<point x="689" y="376"/>
<point x="690" y="792"/>
<point x="980" y="792"/>
</points>
</Connector>
<Connector class="oracle.dbtools.crest.swingui.relational.TVFKRelation" oid="B438985F-82F1-6E1F-4199-1C4740DED450" otype="FKIndexAssociation" vid_source="ABFE069A-38A2-EA91-5FFF-413A6935A9DF" vid_target="EDFBBCDF-CA75-6DF9-4863-409EDD60451B">
<hideElementsInCurrentOnly>false</hideElementsInCurrentOnly>
<backgroundColor>-16777216</backgroundColor>
<lineWidth>1</lineWidth>
<points>
<point x="573" y="470"/>
<point x="573" y="530"/>
</points>
</Connector>
<Connector class="oracle.dbtools.crest.swingui.relational.TVFKRelation" oid="BB7D25F0-03F7-2E42-C016-A5481F116191" otype="FKIndexAssociation" vid_source="57D9F108-E1F7-6119-EBE7-861AFCC3B771" vid_target="ABFE069A-38A2-EA91-5FFF-413A6935A9DF">
<hideElementsInCurrentOnly>false</hideElementsInCurrentOnly>
<backgroundColor>-16777216</backgroundColor>
<lineWidth>1</lineWidth>
<points>
<point x="319" y="413"/>
<point x="426" y="413"/>
</points>
</Connector>
<Connector class="oracle.dbtools.crest.swingui.relational.TVFKRelation" oid="C91AF8AE-FAAB-EB3E-3D32-F1461AAC7B41" otype="FKIndexAssociation" vid_source="ABFE069A-38A2-EA91-5FFF-413A6935A9DF" vid_target="71407D34-ABDE-C81E-CA52-A5E104A25C16">
<hideElementsInCurrentOnly>false</hideElementsInCurrentOnly>
<backgroundColor>-16777216</backgroundColor>
<lineWidth>1</lineWidth>
<points>
<point x="596" y="401"/>
<point x="676" y="401"/>
<point x="676" y="812"/>
<point x="980" y="812"/>
</points>
</Connector>
<Connector class="oracle.dbtools.crest.swingui.relational.TVFKRelation" oid="C9BBD113-C8FA-B3DF-F2BA-57CB95E7AC0B" otype="FKIndexAssociation" vid_source="C77DD17F-EED4-AF82-ECC9-027965092CE7" vid_target="C9BBA1E4-DD06-9C90-796C-28BA4B5F3F4F">
<hideElementsInCurrentOnly>false</hideElementsInCurrentOnly>
<backgroundColor>-16777216</backgroundColor>
<lineWidth>1</lineWidth>
<points>
<point x="977" y="600"/>
<point x="871" y="600"/>
</points>
</Connector>
<Connector class="oracle.dbtools.crest.swingui.relational.TVFKRelation" oid="E76ECC83-CE94-221B-F106-AB3A474E784D" otype="FKIndexAssociation" vid_source="8E3CB8B7-09C3-1EAE-A833-19FD9AF1D3B3" vid_target="C7210816-2F41-53B4-2CBC-5D023CD132DC">
<hideElementsInCurrentOnly>false</hideElementsInCurrentOnly>
<backgroundColor>-16777216</backgroundColor>
<lineWidth>1</lineWidth>
<points>
<point x="436" y="763"/>
<point x="325" y="763"/>
</points>
</Connector>
<Connector class="oracle.dbtools.crest.swingui.relational.TVFKRelation" oid="ED577C56-E1AB-01E5-45AA-9C2C38496AB0" otype="FKIndexAssociation" vid_source="8FA0BF71-B8BC-01A7-BB46-A15F970F3332" vid_target="98BA8BC6-BFD9-66BD-E2DA-077C66F516A8">
<hideElementsInCurrentOnly>false</hideElementsInCurrentOnly>
<backgroundColor>-16777216</backgroundColor>
<lineWidth>1</lineWidth>
<points>
<point x="597" y="201"/>
<point x="697" y="201"/>
</points>
</Connector>
<Connector class="oracle.dbtools.crest.swingui.relational.TVFKRelation" oid="EEFA727B-80CE-21C3-AD6A-196F394657D2" otype="FKIndexAssociation" vid_source="EDFBBCDF-CA75-6DF9-4863-409EDD60451B" vid_target="ABFE069A-38A2-EA91-5FFF-413A6935A9DF">
<hideElementsInCurrentOnly>false</hideElementsInCurrentOnly>
<backgroundColor>-16777216</backgroundColor>
<lineWidth>1</lineWidth>
<points>
<point x="468" y="530"/>
<point x="468" y="470"/>
</points>
</Connector>
<Connector class="oracle.dbtools.crest.swingui.relational.TVFKRelation" oid="FE11F239-192E-2943-2652-D32798BAE14A" otype="FKIndexAssociation" vid_source="98BA8BC6-BFD9-66BD-E2DA-077C66F516A8" vid_target="C7D10391-9A9E-D5BA-0BD0-E05BCC6293D2">
<hideElementsInCurrentOnly>false</hideElementsInCurrentOnly>
<backgroundColor>-16777216</backgroundColor>
<lineWidth>1</lineWidth>
<points>
<point x="784" y="286"/>
<point x="784" y="351"/>
</points>
</Connector>
</connectors>
</Diagram>