<?xml version = '1.0' encoding = 'UTF-8'?>
<Relation class="oracle.dbtools.crest.model.design.logical.Relation" name="Relation_22" directorySegmentName="seg_0" id="26C4987B-3144-6BC3-2B88-8C3A41C2115C">
<createdBy>student</createdBy>
<createdTime>2025-02-22 05:10:12 UTC</createdTime>
<ownerDesignName>ALDEN DB MODEL</ownerDesignName>
<engineerTo>
<item key="F6BD0762-E0E7-BE53-5686-391C7FD2EE11" value="true"/>
</engineerTo>
<sourcePk>5193A737-5B56-1897-611A-CB3C4EF917CC</sourcePk>
<targetPk>0ABC091A-38A2-C9DF-DBF6-BB11376AF6E9</targetPk>
<identifying>true</identifying>
<nameOnSource>located in</nameOnSource>
<nameOnTarget>composed of</nameOnTarget>
<optionalSource>false</optionalSource>
<optionalTarget>false</optionalTarget>
<sourceCardinality>*</sourceCardinality>
<sourceEntity>936F92EC-BE63-EBE9-7152-D60A6F2C0AF8</sourceEntity>
<targetCardinalityString>1</targetCardinalityString>
<targetEntity>8AC60E4E-2816-4372-C99B-1A9449CA4066</targetEntity>
<transferable>true</transferable>
<deleteRule>NO ACTION</deleteRule>
</Relation>