<?xml version = '1.0' encoding = 'UTF-8'?>
<Relation class="oracle.dbtools.crest.model.design.logical.Relation" name="Relation_13" directorySegmentName="seg_0" id="28D2EE26-5D46-92DD-33A4-E9B01B4A4378">
<createdBy>student</createdBy>
<createdTime>2025-02-22 05:34:36 UTC</createdTime>
<ownerDesignName>ALDEN DB MODEL</ownerDesignName>
<engineerTo>
<item key="F6BD0762-E0E7-BE53-5686-391C7FD2EE11" value="true"/>
</engineerTo>
<sourcePk>178272FE-4BDD-5AFA-7D3D-A5A6EEC63835</sourcePk>
<identifying>true</identifying>
<nameOnSource>contains</nameOnSource>
<nameOnTarget>assign with</nameOnTarget>
<optionalSource>false</optionalSource>
<optionalTarget>false</optionalTarget>
<sourceCardinality>1</sourceCardinality>
<sourceEntity>04F53EDC-EFFA-92FC-D551-6D50789D5965</sourceEntity>
<targetCardinalityString>*</targetCardinalityString>
<targetEntity>D030EC6D-9024-5092-197F-4CA60166034C</targetEntity>
<transferable>true</transferable>
<deleteRule>NO ACTION</deleteRule>
</Relation>