<?xml version = '1.0' encoding = 'UTF-8'?>
<Relation class="oracle.dbtools.crest.model.design.logical.Relation" name="Relation_18" directorySegmentName="seg_0" id="2BE2A03F-C6E9-A661-2DFA-50D5227CF111">
<createdBy>student</createdBy>
<createdTime>2025-02-22 05:03:52 UTC</createdTime>
<ownerDesignName>ALDEN DB MODEL</ownerDesignName>
<engineerTo>
<item key="F6BD0762-E0E7-BE53-5686-391C7FD2EE11" value="true"/>
</engineerTo>
<sourcePk>8B015D20-260F-CF38-352F-542AE046EE51</sourcePk>
<targetPk>67EBFFBA-5457-8264-DFA5-ED315434353A</targetPk>
<identifying>true</identifying>
<nameOnSource>assign to</nameOnSource>
<nameOnTarget>assign with</nameOnTarget>
<optionalSource>true</optionalSource>
<optionalTarget>false</optionalTarget>
<sourceCardinality>1</sourceCardinality>
<sourceEntity>6CD88A36-F8F7-5F50-060A-33B4795F0E76</sourceEntity>
<targetCardinalityString>1</targetCardinalityString>
<targetEntity>8786A37B-BD93-2EDF-D057-394891C7C539</targetEntity>
<transferable>true</transferable>
<deleteRule>NO ACTION</deleteRule>
</Relation>