<?xml version = '1.0' encoding = 'UTF-8'?>
<Relation class="oracle.dbtools.crest.model.design.logical.Relation" name="Relation_23" directorySegmentName="seg_0" id="3090ED04-8C4E-282A-DC80-EAE822E22A03">
<createdBy>student</createdBy>
<createdTime>2025-02-22 05:49:29 UTC</createdTime>
<ownerDesignName>ALDEN DB MODEL</ownerDesignName>
<engineerTo>
<item key="F6BD0762-E0E7-BE53-5686-391C7FD2EE11" value="true"/>
</engineerTo>
<sourcePk>0AC93B01-8481-814B-01D5-DC589D1D2565</sourcePk>
<targetPk>28E8A125-E34B-30D2-267D-23DA21BBA392</targetPk>
<identifying>true</identifying>
<nameOnSource>address of</nameOnSource>
<nameOnTarget>located in</nameOnTarget>
<optionalSource>false</optionalSource>
<optionalTarget>false</optionalTarget>
<sourceCardinality>1</sourceCardinality>
<sourceEntity>991708F6-F9B9-FE80-1407-03467AD98575</sourceEntity>
<targetCardinalityString>*</targetCardinalityString>
<targetEntity>7D015859-7A69-E7DF-7437-7B9B0A73CDFE</targetEntity>
<transferable>true</transferable>
<deleteRule>NO ACTION</deleteRule>
</Relation>