<?xml version = '1.0' encoding = 'UTF-8'?>
<Relation class="oracle.dbtools.crest.model.design.logical.Relation" name="USER_EMPLOYEE_REL" directorySegmentName="seg_0" id="371CD572-A210-E707-CBFE-6E590A4D1BE6">
<createdBy>student</createdBy>
<createdTime>2025-02-22 04:48:36 UTC</createdTime>
<ownerDesignName>ALDEN DB MODEL</ownerDesignName>
<engineerTo>
<item key="F6BD0762-E0E7-BE53-5686-391C7FD2EE11" value="true"/>
</engineerTo>
<sourcePk>51223647-D1FA-842D-09CB-F52266577572</sourcePk>
<targetPk>4327E729-8411-A000-F493-BDEAC7897BC7</targetPk>
<identifying>false</identifying>
<nameOnSource>issued to</nameOnSource>
<nameOnTarget>must have</nameOnTarget>
<optionalSource>false</optionalSource>
<optionalTarget>false</optionalTarget>
<sourceCardinality>1</sourceCardinality>
<sourceEntity>3EDA32CA-8AAC-2BA8-3579-7FB725889F28</sourceEntity>
<targetCardinalityString>1</targetCardinalityString>
<targetEntity>D72E613B-252E-AF49-8C90-B42B1ABAD4C1</targetEntity>
<transferable>true</transferable>
<deleteRule>NO ACTION</deleteRule>
</Relation>