<?xml version = '1.0' encoding = 'UTF-8'?>
<Relation class="oracle.dbtools.crest.model.design.logical.Relation" name="Relation_26" directorySegmentName="seg_0" id="439B564D-D30C-CD3B-EFD7-31C77592F3D3">
<createdBy>student</createdBy>
<createdTime>2025-02-22 05:55:53 UTC</createdTime>
<ownerDesignName>ALDEN DB MODEL</ownerDesignName>
<engineerTo>
<item key="F6BD0762-E0E7-BE53-5686-391C7FD2EE11" value="true"/>
</engineerTo>
<sourcePk>4327E729-8411-A000-F493-BDEAC7897BC7</sourcePk>
<targetPk>F68FFC0C-7694-D35B-0409-92B82E1126E4</targetPk>
<identifying>true</identifying>
<nameOnSource>prepare</nameOnSource>
<nameOnTarget>prepared by</nameOnTarget>
<optionalSource>false</optionalSource>
<optionalTarget>false</optionalTarget>
<sourceCardinality>1</sourceCardinality>
<sourceEntity>D72E613B-252E-AF49-8C90-B42B1ABAD4C1</sourceEntity>
<targetCardinalityString>*</targetCardinalityString>
<targetEntity>67CEDCF7-7118-2A1D-3617-EED0C87A7D27</targetEntity>
<transferable>true</transferable>
<deleteRule>NO ACTION</deleteRule>
</Relation>