<?xml version = '1.0' encoding = 'UTF-8'?>
<Relation class="oracle.dbtools.crest.model.design.logical.Relation" name="Relation_16" directorySegmentName="seg_0" id="451EDC50-691F-DC8A-3AAA-46EB2E6EC0ED">
<createdBy>student</createdBy>
<createdTime>2025-02-22 05:00:25 UTC</createdTime>
<ownerDesignName>ALDEN DB MODEL</ownerDesignName>
<engineerTo>
<item key="F6BD0762-E0E7-BE53-5686-391C7FD2EE11" value="true"/>
</engineerTo>
<sourcePk>4327E729-8411-A000-F493-BDEAC7897BC7</sourcePk>
<identifying>true</identifying>
<nameOnSource>assigned to</nameOnSource>
<nameOnTarget>assigned with</nameOnTarget>
<optionalSource>true</optionalSource>
<optionalTarget>false</optionalTarget>
<sourceCardinality>1</sourceCardinality>
<sourceEntity>D72E613B-252E-AF49-8C90-B42B1ABAD4C1</sourceEntity>
<targetCardinalityString>1</targetCardinalityString>
<targetEntity>6CD88A36-F8F7-5F50-060A-33B4795F0E76</targetEntity>
<transferable>true</transferable>
<deleteRule>NO ACTION</deleteRule>
</Relation>