<?xml version = '1.0' encoding = 'UTF-8'?>
<Relation class="oracle.dbtools.crest.model.design.logical.Relation" name="Relation_28" directorySegmentName="seg_0" id="50DCDFE2-D4F0-CA2A-439F-6E59A7763DB2">
<createdBy>student</createdBy>
<createdTime>2025-02-22 05:57:33 UTC</createdTime>
<ownerDesignName>ALDEN DB MODEL</ownerDesignName>
<engineerTo>
<item key="F6BD0762-E0E7-BE53-5686-391C7FD2EE11" value="true"/>
</engineerTo>
<sourcePk>4327E729-8411-A000-F493-BDEAC7897BC7</sourcePk>
<targetPk>5677F5D1-F994-B914-3950-E33F4B868E1E</targetPk>
<identifying>false</identifying>
<nameOnSource>approve</nameOnSource>
<nameOnTarget>approved by</nameOnTarget>
<optionalSource>true</optionalSource>
<optionalTarget>true</optionalTarget>
<sourceCardinality>1</sourceCardinality>
<sourceEntity>D72E613B-252E-AF49-8C90-B42B1ABAD4C1</sourceEntity>
<targetCardinalityString>*</targetCardinalityString>
<targetEntity>67CEDCF7-7118-2A1D-3617-EED0C87A7D27</targetEntity>
<transferable>true</transferable>
<deleteRule>NO ACTION</deleteRule>
</Relation>