<?xml version = '1.0' encoding = 'UTF-8'?>
<Relation class="oracle.dbtools.crest.model.design.logical.Relation" name="Relation_14" directorySegmentName="seg_0" id="604CA257-6EAA-3AE9-A69D-1FE79F9949EA">
<createdBy>student</createdBy>
<createdTime>2025-02-22 04:55:42 UTC</createdTime>
<ownerDesignName>ALDEN DB MODEL</ownerDesignName>
<engineerTo>
<item key="F6BD0762-E0E7-BE53-5686-391C7FD2EE11" value="true"/>
</engineerTo>
<sourcePk>CA982A83-4762-D1AB-0465-DEEF43BC4ACB</sourcePk>
<targetPk>D5661A16-644C-2651-9240-4A24E685731C</targetPk>
<identifying>true</identifying>
<nameOnSource>assigned to</nameOnSource>
<nameOnTarget>assigned with</nameOnTarget>
<optionalSource>true</optionalSource>
<optionalTarget>false</optionalTarget>
<sourceCardinality>1</sourceCardinality>
<sourceEntity>9369ACAA-A01B-E6DB-D929-363B2D9AC2E5</sourceEntity>
<targetCardinalityString>1</targetCardinalityString>
<targetEntity>D72E613B-252E-AF49-8C90-B42B1ABAD4C1</targetEntity>
<transferable>true</transferable>
<deleteRule>NO ACTION</deleteRule>
</Relation>