<?xml version = '1.0' encoding = 'UTF-8'?>
<Relation class="oracle.dbtools.crest.model.design.logical.Relation" name="Relation_19" directorySegmentName="seg_0" id="69EFCA6B-A989-5D9D-F365-09CBD7DB0C53">
<createdBy>student</createdBy>
<createdTime>2025-02-22 05:05:33 UTC</createdTime>
<ownerDesignName>ALDEN DB MODEL</ownerDesignName>
<engineerTo>
<item key="F6BD0762-E0E7-BE53-5686-391C7FD2EE11" value="true"/>
</engineerTo>
<sourcePk>0AC93B01-8481-814B-01D5-DC589D1D2565</sourcePk>
<targetPk>67EBFFBA-5457-8264-DFA5-ED315434353A</targetPk>
<identifying>true</identifying>
<nameOnSource>located in</nameOnSource>
<nameOnTarget>composed of</nameOnTarget>
<optionalSource>false</optionalSource>
<optionalTarget>false</optionalTarget>
<sourceCardinality>*</sourceCardinality>
<sourceEntity>991708F6-F9B9-FE80-1407-03467AD98575</sourceEntity>
<targetCardinalityString>1</targetCardinalityString>
<targetEntity>8786A37B-BD93-2EDF-D057-394891C7C539</targetEntity>
<transferable>true</transferable>
<deleteRule>NO ACTION</deleteRule>
</Relation>