<?xml version = '1.0' encoding = 'UTF-8'?>
<Relation class="oracle.dbtools.crest.model.design.logical.Relation" name="Relation_24" directorySegmentName="seg_0" id="738DFC8F-06FF-213C-F73D-F982109167E5">
<createdBy>student</createdBy>
<createdTime>2025-02-22 05:52:44 UTC</createdTime>
<ownerDesignName>ALDEN DB MODEL</ownerDesignName>
<engineerTo>
<item key="F6BD0762-E0E7-BE53-5686-391C7FD2EE11" value="true"/>
</engineerTo>
<sourcePk>178272FE-4BDD-5AFA-7D3D-A5A6EEC63835</sourcePk>
<targetPk>077B173B-FFFB-1DF2-BB02-BCDE196FB874</targetPk>
<identifying>false</identifying>
<nameOnSource>associated with</nameOnSource>
<nameOnTarget>associated to</nameOnTarget>
<optionalSource>false</optionalSource>
<optionalTarget>false</optionalTarget>
<sourceCardinality>1</sourceCardinality>
<sourceEntity>04F53EDC-EFFA-92FC-D551-6D50789D5965</sourceEntity>
<targetCardinalityString>1</targetCardinalityString>
<targetEntity>67CEDCF7-7118-2A1D-3617-EED0C87A7D27</targetEntity>
<transferable>true</transferable>
<deleteRule>NO ACTION</deleteRule>
</Relation>