<?xml version = '1.0' encoding = 'UTF-8'?>
<Relation class="oracle.dbtools.crest.model.design.logical.Relation" name="Relation_20" directorySegmentName="seg_0" id="73A062B2-051D-5154-1A44-639A52E5670E">
<createdBy>student</createdBy>
<createdTime>2025-02-22 05:45:41 UTC</createdTime>
<ownerDesignName>ALDEN DB MODEL</ownerDesignName>
<engineerTo>
<item key="F6BD0762-E0E7-BE53-5686-391C7FD2EE11" value="true"/>
</engineerTo>
<sourcePk>D6122070-02BA-0FF3-6517-027C14C788BA</sourcePk>
<targetPk>080C0E1C-1868-1884-20B7-9D5F8634207C</targetPk>
<identifying>true</identifying>
<nameOnSource>inlcudes in</nameOnSource>
<nameOnTarget>contains</nameOnTarget>
<optionalSource>true</optionalSource>
<optionalTarget>false</optionalTarget>
<sourceCardinality>1</sourceCardinality>
<sourceEntity>7D015859-7A69-E7DF-7437-7B9B0A73CDFE</sourceEntity>
<targetCardinalityString>*</targetCardinalityString>
<targetEntity>D030EC6D-9024-5092-197F-4CA60166034C</targetEntity>
<transferable>true</transferable>
<deleteRule>NO ACTION</deleteRule>
</Relation>