<?xml version = '1.0' encoding = 'UTF-8'?>
<Relation class="oracle.dbtools.crest.model.design.logical.Relation" name="Relation_12" directorySegmentName="seg_0" id="7648934B-B220-F31E-15D4-9214FBE7C63A">
<createdBy>student</createdBy>
<createdTime>2025-02-22 05:30:09 UTC</createdTime>
<ownerDesignName>ALDEN DB MODEL</ownerDesignName>
<engineerTo>
<item key="F6BD0762-E0E7-BE53-5686-391C7FD2EE11" value="true"/>
</engineerTo>
<sourcePk>0F648A9D-12D5-EC85-9DA8-C3A191C582DA</sourcePk>
<targetPk>173C7693-CB33-AA95-EA1D-0F05E1A6D3B8</targetPk>
<identifying>true</identifying>
<nameOnSource>allotted to</nameOnSource>
<nameOnTarget>fund from</nameOnTarget>
<optionalSource>false</optionalSource>
<optionalTarget>false</optionalTarget>
<sourceCardinality>1</sourceCardinality>
<sourceEntity>38A7E60B-8271-C494-571E-21696C080BDD</sourceEntity>
<targetCardinalityString>*</targetCardinalityString>
<targetEntity>04F53EDC-EFFA-92FC-D551-6D50789D5965</targetEntity>
<transferable>true</transferable>
<deleteRule>NO ACTION</deleteRule>
</Relation>