<?xml version = '1.0' encoding = 'UTF-8'?>
<Relation class="oracle.dbtools.crest.model.design.logical.Relation" name="Relation_11" directorySegmentName="seg_0" id="779B6AEC-E6DD-D0C2-08E7-D97A65419EA3">
<createdBy>student</createdBy>
<createdTime>2025-02-22 03:44:10 UTC</createdTime>
<ownerDesignName>ALDEN DB MODEL</ownerDesignName>
<engineerTo>
<item key="F6BD0762-E0E7-BE53-5686-391C7FD2EE11" value="true"/>
</engineerTo>
<sourcePk>10F651A2-8B5B-88F9-829C-13E4E88FE257</sourcePk>
<targetPk>6099F386-C3E0-6093-9470-0D8B04B77937</targetPk>
<identifying>true</identifying>
<nameOnSource>assign with</nameOnSource>
<nameOnTarget>assign to</nameOnTarget>
<optionalSource>true</optionalSource>
<optionalTarget>false</optionalTarget>
<sourceCardinality>1</sourceCardinality>
<sourceEntity>CA24A810-2A35-C818-91D9-906F35DC509D</sourceEntity>
<targetCardinalityString>*</targetCardinalityString>
<targetEntity>3EDA32CA-8AAC-2BA8-3579-7FB725889F28</targetEntity>
<transferable>true</transferable>
<deleteRule>NO ACTION</deleteRule>
</Relation>