<?xml version = '1.0' encoding = 'UTF-8'?>
<Relation class="oracle.dbtools.crest.model.design.logical.Relation" name="GROUP_ROLE_TO_ACCESS_ROLE_REL" directorySegmentName="seg_0" id="8372D8A4-B210-AC88-B53F-0A53B5E67650">
<createdBy>student</createdBy>
<createdTime>2025-02-22 03:12:17 UTC</createdTime>
<ownerDesignName>ALDEN DB MODEL</ownerDesignName>
<engineerTo>
<item key="F6BD0762-E0E7-BE53-5686-391C7FD2EE11" value="true"/>
</engineerTo>
<sourcePk>CD89753D-65C8-9F37-0839-5DC9342DCC45</sourcePk>
<targetPk>84189863-3157-0708-4298-ECE4348FCD81</targetPk>
<identifying>true</identifying>
<nameOnSource>associated with</nameOnSource>
<nameOnTarget>associated to</nameOnTarget>
<optionalSource>false</optionalSource>
<optionalTarget>true</optionalTarget>
<sourceCardinality>*</sourceCardinality>
<sourceEntity>6A6235FD-16FF-6CAA-D87F-65A589160FDB</sourceEntity>
<targetCardinalityString>1</targetCardinalityString>
<targetEntity>FDBDD0C3-9B68-0991-2C3C-B097D37D0D23</targetEntity>
<transferable>true</transferable>
</Relation>