<?xml version = '1.0' encoding = 'UTF-8'?>
<Relation class="oracle.dbtools.crest.model.design.logical.Relation" name="MUNI_PROV_REL" directorySegmentName="seg_0" id="AECEFB10-FEDA-D1FB-E96F-CB6BDDB4D2B1">
<createdBy>student</createdBy>
<createdTime>2025-02-22 05:08:07 UTC</createdTime>
<ownerDesignName>ALDEN DB MODEL</ownerDesignName>
<engineerTo>
<item key="F6BD0762-E0E7-BE53-5686-391C7FD2EE11" value="true"/>
</engineerTo>
<sourcePk>F4B54567-6C50-C689-16AC-017696CA906E</sourcePk>
<targetPk>3B0828D6-EB45-1A5E-EABE-D0A9E5F74180</targetPk>
<identifying>true</identifying>
<nameOnSource>located in</nameOnSource>
<nameOnTarget>composed of</nameOnTarget>
<optionalSource>false</optionalSource>
<optionalTarget>false</optionalTarget>
<sourceCardinality>1</sourceCardinality>
<sourceEntity>936F92EC-BE63-EBE9-7152-D60A6F2C0AF8</sourceEntity>
<targetCardinalityString>*</targetCardinalityString>
<targetEntity>8786A37B-BD93-2EDF-D057-394891C7C539</targetEntity>
<transferable>true</transferable>
<deleteRule>NO ACTION</deleteRule>
</Relation>