<?xml version = '1.0' encoding = 'UTF-8'?>
<Relation class="oracle.dbtools.crest.model.design.logical.Relation" name="Relation_9" directorySegmentName="seg_0" id="BED9ABE7-B652-E5F7-3C0F-3F3BA3BCD331">
<createdBy>student</createdBy>
<createdTime>2025-02-22 03:37:15 UTC</createdTime>
<ownerDesignName>ALDEN DB MODEL</ownerDesignName>
<engineerTo>
<item key="F6BD0762-E0E7-BE53-5686-391C7FD2EE11" value="true"/>
</engineerTo>
<sourcePk>10F651A2-8B5B-88F9-829C-13E4E88FE257</sourcePk>
<identifying>false</identifying>
<nameOnSource>assign with</nameOnSource>
<nameOnTarget>assign to</nameOnTarget>
<optionalSource>false</optionalSource>
<optionalTarget>false</optionalTarget>
<sourceCardinality>1</sourceCardinality>
<sourceEntity>CA24A810-2A35-C818-91D9-906F35DC509D</sourceEntity>
<targetCardinalityString>*</targetCardinalityString>
<targetEntity>6A6235FD-16FF-6CAA-D87F-65A589160FDB</targetEntity>
<transferable>true</transferable>
<deleteRule>SET NULL</deleteRule>
</Relation>