<?xml version = '1.0' encoding = 'UTF-8'?>
<Relation class="oracle.dbtools.crest.model.design.logical.Relation" name="Relation_27" directorySegmentName="seg_0" id="CC70BB2B-BB5D-79AA-886B-BEE55191F9F3">
<createdBy>student</createdBy>
<createdTime>2025-02-22 05:56:56 UTC</createdTime>
<ownerDesignName>ALDEN DB MODEL</ownerDesignName>
<engineerTo>
<item key="F6BD0762-E0E7-BE53-5686-391C7FD2EE11" value="true"/>
</engineerTo>
<sourcePk>4327E729-8411-A000-F493-BDEAC7897BC7</sourcePk>
<identifying>false</identifying>
<nameOnSource>recommende</nameOnSource>
<nameOnTarget>recommended by</nameOnTarget>
<optionalSource>true</optionalSource>
<optionalTarget>true</optionalTarget>
<sourceCardinality>1</sourceCardinality>
<sourceEntity>D72E613B-252E-AF49-8C90-B42B1ABAD4C1</sourceEntity>
<targetCardinalityString>*</targetCardinalityString>
<targetEntity>67CEDCF7-7118-2A1D-3617-EED0C87A7D27</targetEntity>
<transferable>true</transferable>
<deleteRule>NO ACTION</deleteRule>
</Relation>