<?xml version = '1.0' encoding = 'UTF-8'?>
<Entity class="oracle.dbtools.crest.model.design.logical.Entity" directorySegmentName="seg_0" id="04F53EDC-EFFA-92FC-D551-6D50789D5965" name="PAYROLL">
<createdBy>student</createdBy>
<createdTime>2025-02-22 01:58:25 UTC</createdTime>
<ownerDesignName>ALDEN DB MODEL</ownerDesignName>
<engineerTo>
<item key="F6BD0762-E0E7-BE53-5686-391C7FD2EE11" value="true"/>
</engineerTo>
<adequatelyNormalized>NO</adequatelyNormalized>
<expectedVolumes>0</expectedVolumes>
<fwdEngineeringStrategyName>Single Table</fwdEngineeringStrategyName>
<growthPercent>0</growthPercent>
<growthType>Year</growthType>
<maxVolumes>9999999</maxVolumes>
<minVolumes>0</minVolumes>
<normalForm>Third</normalForm>
<shortName>p</shortName>
<attributes itemClass="oracle.dbtools.crest.model.design.logical.Attribute">
<Attribute name="ID" id="96AE70AE-A629-DC5E-37B2-9B8E5E7E994D">
<createdBy>student</createdBy>
<createdTime>2025-02-22 01:58:43 UTC</createdTime>
<ownerDesignName>ALDEN DB MODEL</ownerDesignName>
<engineerTo>
<item key="F6BD0762-E0E7-BE53-5686-391C7FD2EE11" value="true"/>
</engineerTo>
<useDomainConstraints>false</useDomainConstraints>
<use>1</use>
<logicalDatatype>LOGDT011</logicalDatatype>
<ownDataTypeParameters>,,</ownDataTypeParameters>
</Attribute>
<Attribute name="FUND_SOURCE_ID" id="1BF4EA12-5CD6-5897-7510-AC72A6345A1C">
<createdBy>student</createdBy>
<createdTime>2025-02-22 01:58:52 UTC</createdTime>
<ownerDesignName>ALDEN DB MODEL</ownerDesignName>
<engineerTo>
<item key="F6BD0762-E0E7-BE53-5686-391C7FD2EE11" value="true"/>
</engineerTo>
<useDomainConstraints>false</useDomainConstraints>
<use>1</use>
<logicalDatatype>LOGDT011</logicalDatatype>
<ownDataTypeParameters>,,</ownDataTypeParameters>
</Attribute>
<Attribute name="ALLOTTED_AMOUNT" id="9EC56F66-CD7E-8C0B-CDDB-5D9494EBDCC6">
<createdBy>student</createdBy>
<createdTime>2025-02-22 02:06:45 UTC</createdTime>
<ownerDesignName>ALDEN DB MODEL</ownerDesignName>
<engineerTo>
<item key="F6BD0762-E0E7-BE53-5686-391C7FD2EE11" value="true"/>
</engineerTo>
<useDomainConstraints>false</useDomainConstraints>
<use>1</use>
<logicalDatatype>LOGDT019</logicalDatatype>
<dataTypePrecision>2</dataTypePrecision>
<ownDataTypeParameters>,2,</ownDataTypeParameters>
</Attribute>
<Attribute name="MOP" id="9CF23298-C3F9-307F-146C-E4AAF6DAEF67">
<createdBy>student</createdBy>
<createdTime>2025-02-22 02:09:10 UTC</createdTime>
<ownerDesignName>ALDEN DB MODEL</ownerDesignName>
<engineerTo>
<item key="F6BD0762-E0E7-BE53-5686-391C7FD2EE11" value="true"/>
</engineerTo>
<useDomainConstraints>false</useDomainConstraints>
<use>1</use>
<logicalDatatype>LOGDT024</logicalDatatype>
<dataTypeSize>10</dataTypeSize>
<ownDataTypeParameters>10,,</ownDataTypeParameters>
</Attribute>
<Attribute name="ID1" id="8FDA80C5-41B0-2840-DA7D-E6B6F6EA21F8">
<createdBy>student</createdBy>
<createdTime>2025-02-22 05:30:09 UTC</createdTime>
<generatorID>7648934B-B220-F31E-15D4-9214FBE7C63A</generatorID>
<ownerDesignName>ALDEN DB MODEL</ownerDesignName>
<engineerTo>
<item key="F6BD0762-E0E7-BE53-5686-391C7FD2EE11" value="true"/>
</engineerTo>
<referedAttribute>F26706C3-1469-40C5-4B59-AC3031E128AF</referedAttribute>
<useDomainConstraints>false</useDomainConstraints>
<use>1</use>
<logicalDatatype>LOGDT011</logicalDatatype>
<ownDataTypeParameters>,,</ownDataTypeParameters>
</Attribute>
<Attribute name="PAYROLL_ID" id="2A0A3D60-6574-D4A7-B756-9592F41EA6FB">
<createdBy>student</createdBy>
<createdTime>2025-02-22 05:53:22 UTC</createdTime>
<generatorID>738DFC8F-06FF-213C-F73D-F982109167E5</generatorID>
<ownerDesignName>ALDEN DB MODEL</ownerDesignName>
<engineerTo>
<item key="F6BD0762-E0E7-BE53-5686-391C7FD2EE11" value="true"/>
</engineerTo>
<referedAttribute>6AE43467-8D33-5536-2A2F-6B157ED6C4BC</referedAttribute>
<useDomainConstraints>false</useDomainConstraints>
<use>1</use>
<logicalDatatype>LOGDT011</logicalDatatype>
<ownDataTypeParameters>,,</ownDataTypeParameters>
</Attribute>
</attributes>
<identifiers itemClass="oracle.dbtools.crest.model.design.logical.CandidateKey">
<identifier id="178272FE-4BDD-5AFA-7D3D-A5A6EEC63835" name="PR_PK">
<createdBy>student</createdBy>
<createdTime>2025-02-22 01:58:49 UTC</createdTime>
<ownerDesignName>ALDEN DB MODEL</ownerDesignName>
<shouldEngineer>false</shouldEngineer>
<engineerTo>
<item key="F6BD0762-E0E7-BE53-5686-391C7FD2EE11" value="false"/>
</engineerTo>
<pk>true</pk>
<newElementsIDs>96AE70AE-A629-DC5E-37B2-9B8E5E7E994D,8FDA80C5-41B0-2840-DA7D-E6B6F6EA21F8</newElementsIDs>
<usedAttributes>
<attributeRef>96AE70AE-A629-DC5E-37B2-9B8E5E7E994D</attributeRef>
<attributeRef>8FDA80C5-41B0-2840-DA7D-E6B6F6EA21F8</attributeRef>
</usedAttributes>
</identifier>
<identifier id="173C7693-CB33-AA95-EA1D-0F05E1A6D3B8" name="PR_FS_FK">
<createdBy>student</createdBy>
<createdTime>2025-02-22 05:29:30 UTC</createdTime>
<ownerDesignName>ALDEN DB MODEL</ownerDesignName>
<shouldEngineer>false</shouldEngineer>
<engineerTo>
<item key="F6BD0762-E0E7-BE53-5686-391C7FD2EE11" value="false"/>
</engineerTo>
<newElementsIDs>1BF4EA12-5CD6-5897-7510-AC72A6345A1C</newElementsIDs>
<usedAttributes>
<attributeRef>1BF4EA12-5CD6-5897-7510-AC72A6345A1C</attributeRef>
</usedAttributes>
</identifier>
</identifiers>
</Entity>