<?xml version = '1.0' encoding = 'UTF-8'?>
<Entity class="oracle.dbtools.crest.model.design.logical.Entity" directorySegmentName="seg_0" id="3EDA32CA-8AAC-2BA8-3579-7FB725889F28" name="USER_ACCOUNT">
<createdBy>student</createdBy>
<createdTime>2025-02-22 02:57:18 UTC</createdTime>
<ownerDesignName>ALDEN DB MODEL</ownerDesignName>
<engineerTo>
<item key="F6BD0762-E0E7-BE53-5686-391C7FD2EE11" value="true"/>
</engineerTo>
<adequatelyNormalized>NO</adequatelyNormalized>
<expectedVolumes>0</expectedVolumes>
<fwdEngineeringStrategyName>Single Table</fwdEngineeringStrategyName>
<growthPercent>0</growthPercent>
<growthType>Year</growthType>
<maxVolumes>9999999</maxVolumes>
<minVolumes>0</minVolumes>
<normalForm>Third</normalForm>
<attributes itemClass="oracle.dbtools.crest.model.design.logical.Attribute">
<Attribute name="ID" id="1D6D16D8-C073-5E7B-130E-E3D5F0A930DD">
<createdBy>student</createdBy>
<createdTime>2025-02-22 02:57:27 UTC</createdTime>
<ownerDesignName>ALDEN DB MODEL</ownerDesignName>
<engineerTo>
<item key="F6BD0762-E0E7-BE53-5686-391C7FD2EE11" value="true"/>
</engineerTo>
<useDomainConstraints>false</useDomainConstraints>
<use>1</use>
<logicalDatatype>LOGDT011</logicalDatatype>
<ownDataTypeParameters>,,</ownDataTypeParameters>
</Attribute>
<Attribute name="EMPLOYEE_ID" id="1853F4F5-E99B-A925-F8F0-D94E0D6BC80A">
<createdBy>student</createdBy>
<createdTime>2025-02-22 02:57:42 UTC</createdTime>
<ownerDesignName>ALDEN DB MODEL</ownerDesignName>
<engineerTo>
<item key="F6BD0762-E0E7-BE53-5686-391C7FD2EE11" value="true"/>
</engineerTo>
<useDomainConstraints>false</useDomainConstraints>
<use>1</use>
<logicalDatatype>LOGDT011</logicalDatatype>
<ownDataTypeParameters>,,</ownDataTypeParameters>
</Attribute>
<Attribute name="USERNAME" id="EB203EEC-9F4E-EFC1-1AF2-98826AAB1D9C">
<createdBy>student</createdBy>
<createdTime>2025-02-22 02:58:29 UTC</createdTime>
<ownerDesignName>ALDEN DB MODEL</ownerDesignName>
<engineerTo>
<item key="F6BD0762-E0E7-BE53-5686-391C7FD2EE11" value="true"/>
</engineerTo>
<useDomainConstraints>false</useDomainConstraints>
<use>1</use>
<logicalDatatype>LOGDT024</logicalDatatype>
<dataTypeSize>30</dataTypeSize>
<ownDataTypeParameters>30,,</ownDataTypeParameters>
</Attribute>
<Attribute name="PASSWORD" id="26209DFB-D39A-227D-DB5B-0E7EFC57A006">
<createdBy>student</createdBy>
<createdTime>2025-02-22 02:59:00 UTC</createdTime>
<ownerDesignName>ALDEN DB MODEL</ownerDesignName>
<engineerTo>
<item key="F6BD0762-E0E7-BE53-5686-391C7FD2EE11" value="true"/>
</engineerTo>
<useDomainConstraints>false</useDomainConstraints>
<use>1</use>
<logicalDatatype>LOGDT024</logicalDatatype>
<dataTypeSize>20</dataTypeSize>
<ownDataTypeParameters>20,,</ownDataTypeParameters>
</Attribute>
<Attribute name="STATUS" id="2BDBCD1D-3813-0C56-C7FD-6B317BE67756">
<createdBy>student</createdBy>
<createdTime>2025-02-22 02:59:26 UTC</createdTime>
<ownerDesignName>ALDEN DB MODEL</ownerDesignName>
<engineerTo>
<item key="F6BD0762-E0E7-BE53-5686-391C7FD2EE11" value="true"/>
</engineerTo>
<useDomainConstraints>false</useDomainConstraints>
<use>1</use>
<logicalDatatype>LOGDT011</logicalDatatype>
<ownDataTypeParameters>,,</ownDataTypeParameters>
</Attribute>
<Attribute name="GROUP_ID" id="428F4321-DBC6-B54E-BBBA-F2E9347D66EB">
<createdBy>student</createdBy>
<createdTime>2025-02-22 03:00:41 UTC</createdTime>
<ownerDesignName>ALDEN DB MODEL</ownerDesignName>
<engineerTo>
<item key="F6BD0762-E0E7-BE53-5686-391C7FD2EE11" value="true"/>
</engineerTo>
<nullsAllowed>true</nullsAllowed>
<useDomainConstraints>false</useDomainConstraints>
<use>1</use>
<logicalDatatype>LOGDT011</logicalDatatype>
<ownDataTypeParameters>,,</ownDataTypeParameters>
</Attribute>
<Attribute name="GROUP_ID1" id="8EA858BA-42EF-E4D5-4B67-C3FF5D65680C">
<createdBy>student</createdBy>
<createdTime>2025-02-22 04:46:27 UTC</createdTime>
<generatorID>779B6AEC-E6DD-D0C2-08E7-D97A65419EA3</generatorID>
<ownerDesignName>ALDEN DB MODEL</ownerDesignName>
<engineerTo>
<item key="F6BD0762-E0E7-BE53-5686-391C7FD2EE11" value="true"/>
</engineerTo>
<referedAttribute>1B66DB0E-6A41-2B12-469F-5770B546B4F0</referedAttribute>
<useDomainConstraints>false</useDomainConstraints>
<use>1</use>
<logicalDatatype>LOGDT011</logicalDatatype>
<ownDataTypeParameters>,,</ownDataTypeParameters>
</Attribute>
<Attribute name="ID1" id="19E9A088-304E-7DF7-D00C-5C9743003169">
<createdBy>student</createdBy>
<createdTime>2025-02-22 04:49:19 UTC</createdTime>
<generatorID>371CD572-A210-E707-CBFE-6E590A4D1BE6</generatorID>
<ownerDesignName>ALDEN DB MODEL</ownerDesignName>
<engineerTo>
<item key="F6BD0762-E0E7-BE53-5686-391C7FD2EE11" value="true"/>
</engineerTo>
<referedAttribute>7637EABE-8327-9873-1467-FEC9DB4D9F44</referedAttribute>
<useDomainConstraints>false</useDomainConstraints>
<use>1</use>
<logicalDatatype>LOGDT011</logicalDatatype>
<ownDataTypeParameters>,,</ownDataTypeParameters>
</Attribute>
<Attribute name="ID11" id="52C4317E-D4D5-0ACF-A2E9-69C2DECCA1F6">
<createdBy>student</createdBy>
<createdTime>2025-02-22 04:58:01 UTC</createdTime>
<generatorID>371CD572-A210-E707-CBFE-6E590A4D1BE6</generatorID>
<ownerDesignName>ALDEN DB MODEL</ownerDesignName>
<engineerTo>
<item key="F6BD0762-E0E7-BE53-5686-391C7FD2EE11" value="true"/>
</engineerTo>
<referedAttribute>1743DDC4-5802-EEF1-025E-AFEAF5F0E0D8</referedAttribute>
<useDomainConstraints>false</useDomainConstraints>
<use>1</use>
<logicalDatatype>LOGDT011</logicalDatatype>
<ownDataTypeParameters>,,</ownDataTypeParameters>
</Attribute>
</attributes>
<identifiers itemClass="oracle.dbtools.crest.model.design.logical.CandidateKey">
<identifier id="1F10E05B-7345-0BDB-758E-FC6CC0B99991" name="UCCT_PK">
<createdBy>student</createdBy>
<createdTime>2025-02-22 02:57:38 UTC</createdTime>
<ownerDesignName>ALDEN DB MODEL</ownerDesignName>
<engineerTo>
<item key="F6BD0762-E0E7-BE53-5686-391C7FD2EE11" value="true"/>
</engineerTo>
<pk>true</pk>
<newElementsIDs>1D6D16D8-C073-5E7B-130E-E3D5F0A930DD,8EA858BA-42EF-E4D5-4B67-C3FF5D65680C</newElementsIDs>
<usedAttributes>
<attributeRef>1D6D16D8-C073-5E7B-130E-E3D5F0A930DD</attributeRef>
<attributeRef>8EA858BA-42EF-E4D5-4B67-C3FF5D65680C</attributeRef>
</usedAttributes>
</identifier>
<identifier id="6099F386-C3E0-6093-9470-0D8B04B77937" name="ACCT_GRP_FK">
<createdBy>student</createdBy>
<createdTime>2025-02-22 03:42:30 UTC</createdTime>
<ownerDesignName>ALDEN DB MODEL</ownerDesignName>
<engineerTo>
<item key="F6BD0762-E0E7-BE53-5686-391C7FD2EE11" value="true"/>
</engineerTo>
<newElementsIDs>428F4321-DBC6-B54E-BBBA-F2E9347D66EB</newElementsIDs>
<usedAttributes>
<attributeRef>428F4321-DBC6-B54E-BBBA-F2E9347D66EB</attributeRef>
</usedAttributes>
</identifier>
<identifier id="51223647-D1FA-842D-09CB-F52266577572" name="ACCT_EMP_FK">
<createdBy>student</createdBy>
<createdTime>2025-02-22 04:47:38 UTC</createdTime>
<ownerDesignName>ALDEN DB MODEL</ownerDesignName>
<engineerTo>
<item key="F6BD0762-E0E7-BE53-5686-391C7FD2EE11" value="true"/>
</engineerTo>
<newElementsIDs>1853F4F5-E99B-A925-F8F0-D94E0D6BC80A</newElementsIDs>
<usedAttributes>
<attributeRef>1853F4F5-E99B-A925-F8F0-D94E0D6BC80A</attributeRef>
</usedAttributes>
</identifier>
</identifiers>
</Entity>