<?xml version = '1.0' encoding = 'UTF-8'?>
<Entity class="oracle.dbtools.crest.model.design.logical.Entity" directorySegmentName="seg_0" id="67CEDCF7-7118-2A1D-3617-EED0C87A7D27" name="PAYROLL_STATUS">
<createdBy>student</createdBy>
<createdTime>2025-02-22 02:13:22 UTC</createdTime>
<ownerDesignName>ALDEN DB MODEL</ownerDesignName>
<engineerTo>
<item key="F6BD0762-E0E7-BE53-5686-391C7FD2EE11" value="true"/>
</engineerTo>
<adequatelyNormalized>NO</adequatelyNormalized>
<expectedVolumes>0</expectedVolumes>
<fwdEngineeringStrategyName>Single Table</fwdEngineeringStrategyName>
<growthPercent>0</growthPercent>
<growthType>Year</growthType>
<maxVolumes>9999999</maxVolumes>
<minVolumes>0</minVolumes>
<normalForm>Third</normalForm>
<shortName>ps</shortName>
<attributes itemClass="oracle.dbtools.crest.model.design.logical.Attribute">
<Attribute name="ID" id="DC2E004C-BB6D-58FC-24C8-E522968F6AFA">
<createdBy>student</createdBy>
<createdTime>2025-02-22 02:13:51 UTC</createdTime>
<ownerDesignName>ALDEN DB MODEL</ownerDesignName>
<engineerTo>
<item key="F6BD0762-E0E7-BE53-5686-391C7FD2EE11" value="true"/>
</engineerTo>
<useDomainConstraints>false</useDomainConstraints>
<use>1</use>
<logicalDatatype>LOGDT011</logicalDatatype>
<ownDataTypeParameters>,,</ownDataTypeParameters>
</Attribute>
<Attribute name="PAYROLL_ID" id="6AE43467-8D33-5536-2A2F-6B157ED6C4BC">
<createdBy>student</createdBy>
<createdTime>2025-02-22 02:14:04 UTC</createdTime>
<ownerDesignName>ALDEN DB MODEL</ownerDesignName>
<engineerTo>
<item key="F6BD0762-E0E7-BE53-5686-391C7FD2EE11" value="true"/>
</engineerTo>
<useDomainConstraints>false</useDomainConstraints>
<use>1</use>
<logicalDatatype>LOGDT011</logicalDatatype>
<ownDataTypeParameters>,,</ownDataTypeParameters>
</Attribute>
<Attribute name="PREPARED_BY" id="EE8FAD3A-6D2D-0476-5B4F-4F5FEAFA5461">
<createdBy>student</createdBy>
<createdTime>2025-02-22 02:15:08 UTC</createdTime>
<ownerDesignName>ALDEN DB MODEL</ownerDesignName>
<engineerTo>
<item key="F6BD0762-E0E7-BE53-5686-391C7FD2EE11" value="true"/>
</engineerTo>
<useDomainConstraints>false</useDomainConstraints>
<use>1</use>
<logicalDatatype>LOGDT011</logicalDatatype>
<ownDataTypeParameters>,,</ownDataTypeParameters>
</Attribute>
<Attribute name="PREPARED_dATE" id="FBD5F491-CC64-ED9C-5454-F59DB9CD4B53">
<createdBy>student</createdBy>
<createdTime>2025-02-22 02:15:37 UTC</createdTime>
<ownerDesignName>ALDEN DB MODEL</ownerDesignName>
<engineerTo>
<item key="F6BD0762-E0E7-BE53-5686-391C7FD2EE11" value="true"/>
</engineerTo>
<useDomainConstraints>false</useDomainConstraints>
<use>1</use>
<logicalDatatype>LOGDT007</logicalDatatype>
<ownDataTypeParameters>,,</ownDataTypeParameters>
</Attribute>
<Attribute name="RECOMMENDED_BY" id="8662BF90-726A-B8C8-30BA-54553CD0FC81">
<createdBy>student</createdBy>
<createdTime>2025-02-22 02:15:53 UTC</createdTime>
<ownerDesignName>ALDEN DB MODEL</ownerDesignName>
<engineerTo>
<item key="F6BD0762-E0E7-BE53-5686-391C7FD2EE11" value="true"/>
</engineerTo>
<nullsAllowed>true</nullsAllowed>
<useDomainConstraints>false</useDomainConstraints>
<use>1</use>
<logicalDatatype>LOGDT011</logicalDatatype>
<ownDataTypeParameters>,,</ownDataTypeParameters>
</Attribute>
<Attribute name="RECOMMENDED_DATE" id="FD3E64C8-A2FB-3DA1-F4D0-FCC8698EDF55">
<createdBy>student</createdBy>
<createdTime>2025-02-22 02:16:15 UTC</createdTime>
<ownerDesignName>ALDEN DB MODEL</ownerDesignName>
<engineerTo>
<item key="F6BD0762-E0E7-BE53-5686-391C7FD2EE11" value="true"/>
</engineerTo>
<nullsAllowed>true</nullsAllowed>
<useDomainConstraints>false</useDomainConstraints>
<use>1</use>
<logicalDatatype>LOGDT007</logicalDatatype>
<ownDataTypeParameters>,,</ownDataTypeParameters>
</Attribute>
<Attribute name="APPROVED_BY" id="E10AC4B8-ABF4-6F46-AB78-8DC111916360">
<createdBy>student</createdBy>
<createdTime>2025-02-22 02:16:33 UTC</createdTime>
<ownerDesignName>ALDEN DB MODEL</ownerDesignName>
<engineerTo>
<item key="F6BD0762-E0E7-BE53-5686-391C7FD2EE11" value="true"/>
</engineerTo>
<nullsAllowed>true</nullsAllowed>
<useDomainConstraints>false</useDomainConstraints>
<use>1</use>
<logicalDatatype>LOGDT011</logicalDatatype>
<ownDataTypeParameters>,,</ownDataTypeParameters>
</Attribute>
<Attribute name="APPROVED_DATE" id="1E3B7FC8-377F-2693-517D-47A6D872B943">
<createdBy>student</createdBy>
<createdTime>2025-02-22 02:16:48 UTC</createdTime>
<ownerDesignName>ALDEN DB MODEL</ownerDesignName>
<engineerTo>
<item key="F6BD0762-E0E7-BE53-5686-391C7FD2EE11" value="true"/>
</engineerTo>
<nullsAllowed>true</nullsAllowed>
<useDomainConstraints>false</useDomainConstraints>
<use>1</use>
<logicalDatatype>LOGDT007</logicalDatatype>
<ownDataTypeParameters>,,</ownDataTypeParameters>
</Attribute>
<Attribute name="ID1" id="32924FA9-C4EC-38BA-C176-F52063A0C937">
<createdBy>student</createdBy>
<createdTime>2025-02-22 05:52:44 UTC</createdTime>
<generatorID>738DFC8F-06FF-213C-F73D-F982109167E5</generatorID>
<ownerDesignName>ALDEN DB MODEL</ownerDesignName>
<engineerTo>
<item key="F6BD0762-E0E7-BE53-5686-391C7FD2EE11" value="true"/>
</engineerTo>
<referedAttribute>96AE70AE-A629-DC5E-37B2-9B8E5E7E994D</referedAttribute>
<useDomainConstraints>false</useDomainConstraints>
<use>1</use>
<logicalDatatype>LOGDT011</logicalDatatype>
<ownDataTypeParameters>,,</ownDataTypeParameters>
</Attribute>
<Attribute name="ID11" id="12C7B903-2C18-231C-C41C-FDC9F6F00D50">
<createdBy>student</createdBy>
<createdTime>2025-02-22 05:52:44 UTC</createdTime>
<generatorID>738DFC8F-06FF-213C-F73D-F982109167E5</generatorID>
<ownerDesignName>ALDEN DB MODEL</ownerDesignName>
<engineerTo>
<item key="F6BD0762-E0E7-BE53-5686-391C7FD2EE11" value="true"/>
</engineerTo>
<referedAttribute>8FDA80C5-41B0-2840-DA7D-E6B6F6EA21F8</referedAttribute>
<useDomainConstraints>false</useDomainConstraints>
<use>1</use>
<logicalDatatype>LOGDT011</logicalDatatype>
<ownDataTypeParameters>,,</ownDataTypeParameters>
</Attribute>
<Attribute name="ID2" id="D5565BFA-F365-D6D5-AED2-1E6BEF2DD217">
<createdBy>student</createdBy>
<createdTime>2025-02-22 05:55:53 UTC</createdTime>
<generatorID>439B564D-D30C-CD3B-EFD7-31C77592F3D3</generatorID>
<ownerDesignName>ALDEN DB MODEL</ownerDesignName>
<engineerTo>
<item key="F6BD0762-E0E7-BE53-5686-391C7FD2EE11" value="true"/>
</engineerTo>
<referedAttribute>7637EABE-8327-9873-1467-FEC9DB4D9F44</referedAttribute>
<useDomainConstraints>false</useDomainConstraints>
<use>1</use>
<logicalDatatype>LOGDT011</logicalDatatype>
<ownDataTypeParameters>,,</ownDataTypeParameters>
</Attribute>
<Attribute name="ID12" id="7BDD66CA-9E85-F9D1-737F-DE7F3C781C75">
<createdBy>student</createdBy>
<createdTime>2025-02-22 05:55:53 UTC</createdTime>
<generatorID>439B564D-D30C-CD3B-EFD7-31C77592F3D3</generatorID>
<ownerDesignName>ALDEN DB MODEL</ownerDesignName>
<engineerTo>
<item key="F6BD0762-E0E7-BE53-5686-391C7FD2EE11" value="true"/>
</engineerTo>
<referedAttribute>1743DDC4-5802-EEF1-025E-AFEAF5F0E0D8</referedAttribute>
<useDomainConstraints>false</useDomainConstraints>
<use>1</use>
<logicalDatatype>LOGDT011</logicalDatatype>
<ownDataTypeParameters>,,</ownDataTypeParameters>
</Attribute>
<Attribute name="ID3" id="A0AA15EB-8678-BC54-0BC2-4F5DCC2AE549">
<createdBy>student</createdBy>
<createdTime>2025-02-22 05:56:56 UTC</createdTime>
<generatorID>CC70BB2B-BB5D-79AA-886B-BEE55191F9F3</generatorID>
<ownerDesignName>ALDEN DB MODEL</ownerDesignName>
<engineerTo>
<item key="F6BD0762-E0E7-BE53-5686-391C7FD2EE11" value="true"/>
</engineerTo>
<nullsAllowed>true</nullsAllowed>
<referedAttribute>7637EABE-8327-9873-1467-FEC9DB4D9F44</referedAttribute>
<useDomainConstraints>false</useDomainConstraints>
<use>1</use>
<logicalDatatype>LOGDT011</logicalDatatype>
<ownDataTypeParameters>,,</ownDataTypeParameters>
</Attribute>
<Attribute name="ID13" id="AB12D4B4-55C8-DEDB-1AF1-9306F8228EDE">
<createdBy>student</createdBy>
<createdTime>2025-02-22 05:56:56 UTC</createdTime>
<generatorID>CC70BB2B-BB5D-79AA-886B-BEE55191F9F3</generatorID>
<ownerDesignName>ALDEN DB MODEL</ownerDesignName>
<engineerTo>
<item key="F6BD0762-E0E7-BE53-5686-391C7FD2EE11" value="true"/>
</engineerTo>
<nullsAllowed>true</nullsAllowed>
<referedAttribute>1743DDC4-5802-EEF1-025E-AFEAF5F0E0D8</referedAttribute>
<useDomainConstraints>false</useDomainConstraints>
<use>1</use>
<logicalDatatype>LOGDT011</logicalDatatype>
<ownDataTypeParameters>,,</ownDataTypeParameters>
</Attribute>
<Attribute name="ID4" id="FF73F31A-96C8-0C74-57FD-87224726AE25">
<createdBy>student</createdBy>
<createdTime>2025-02-22 05:57:33 UTC</createdTime>
<generatorID>50DCDFE2-D4F0-CA2A-439F-6E59A7763DB2</generatorID>
<ownerDesignName>ALDEN DB MODEL</ownerDesignName>
<engineerTo>
<item key="F6BD0762-E0E7-BE53-5686-391C7FD2EE11" value="true"/>
</engineerTo>
<nullsAllowed>true</nullsAllowed>
<referedAttribute>7637EABE-8327-9873-1467-FEC9DB4D9F44</referedAttribute>
<useDomainConstraints>false</useDomainConstraints>
<use>1</use>
<logicalDatatype>LOGDT011</logicalDatatype>
<ownDataTypeParameters>,,</ownDataTypeParameters>
</Attribute>
<Attribute name="ID14" id="1D71C9D5-CD67-5D5E-5E1E-A6445C5D57D9">
<createdBy>student</createdBy>
<createdTime>2025-02-22 05:57:33 UTC</createdTime>
<generatorID>50DCDFE2-D4F0-CA2A-439F-6E59A7763DB2</generatorID>
<ownerDesignName>ALDEN DB MODEL</ownerDesignName>
<engineerTo>
<item key="F6BD0762-E0E7-BE53-5686-391C7FD2EE11" value="true"/>
</engineerTo>
<nullsAllowed>true</nullsAllowed>
<referedAttribute>1743DDC4-5802-EEF1-025E-AFEAF5F0E0D8</referedAttribute>
<useDomainConstraints>false</useDomainConstraints>
<use>1</use>
<logicalDatatype>LOGDT011</logicalDatatype>
<ownDataTypeParameters>,,</ownDataTypeParameters>
</Attribute>
</attributes>
<identifiers itemClass="oracle.dbtools.crest.model.design.logical.CandidateKey">
<identifier id="381E9FCC-0827-E544-2F4F-012BCB1DD14B" name="PR_STAT_PK">
<createdBy>student</createdBy>
<createdTime>2025-02-22 02:14:02 UTC</createdTime>
<ownerDesignName>ALDEN DB MODEL</ownerDesignName>
<shouldEngineer>false</shouldEngineer>
<engineerTo>
<item key="F6BD0762-E0E7-BE53-5686-391C7FD2EE11" value="false"/>
</engineerTo>
<pk>true</pk>
<newElementsIDs>DC2E004C-BB6D-58FC-24C8-E522968F6AFA,D5565BFA-F365-D6D5-AED2-1E6BEF2DD217,7BDD66CA-9E85-F9D1-737F-DE7F3C781C75</newElementsIDs>
<usedAttributes>
<attributeRef>DC2E004C-BB6D-58FC-24C8-E522968F6AFA</attributeRef>
<attributeRef>D5565BFA-F365-D6D5-AED2-1E6BEF2DD217</attributeRef>
<attributeRef>7BDD66CA-9E85-F9D1-737F-DE7F3C781C75</attributeRef>
</usedAttributes>
</identifier>
<identifier id="077B173B-FFFB-1DF2-BB02-BCDE196FB874" name="PR_STAT_FK">
<createdBy>student</createdBy>
<createdTime>2025-02-22 05:36:30 UTC</createdTime>
<ownerDesignName>ALDEN DB MODEL</ownerDesignName>
<shouldEngineer>false</shouldEngineer>
<engineerTo>
<item key="F6BD0762-E0E7-BE53-5686-391C7FD2EE11" value="false"/>
</engineerTo>
<newElementsIDs>6AE43467-8D33-5536-2A2F-6B157ED6C4BC</newElementsIDs>
<usedAttributes>
<attributeRef>6AE43467-8D33-5536-2A2F-6B157ED6C4BC</attributeRef>
</usedAttributes>
</identifier>
<identifier id="F68FFC0C-7694-D35B-0409-92B82E1126E4" name="PR_PREP_FK">
<createdBy>student</createdBy>
<createdTime>2025-02-22 05:54:10 UTC</createdTime>
<ownerDesignName>ALDEN DB MODEL</ownerDesignName>
<shouldEngineer>false</shouldEngineer>
<engineerTo>
<item key="F6BD0762-E0E7-BE53-5686-391C7FD2EE11" value="false"/>
</engineerTo>
<newElementsIDs>EE8FAD3A-6D2D-0476-5B4F-4F5FEAFA5461</newElementsIDs>
<usedAttributes>
<attributeRef>EE8FAD3A-6D2D-0476-5B4F-4F5FEAFA5461</attributeRef>
</usedAttributes>
</identifier>
<identifier id="0FC146D0-E2E8-2812-A4A0-DD3E0F593FC2" name="PR_REC_FK">
<createdBy>student</createdBy>
<createdTime>2025-02-22 05:54:43 UTC</createdTime>
<ownerDesignName>ALDEN DB MODEL</ownerDesignName>
<shouldEngineer>false</shouldEngineer>
<engineerTo>
<item key="F6BD0762-E0E7-BE53-5686-391C7FD2EE11" value="false"/>
</engineerTo>
<newElementsIDs>8662BF90-726A-B8C8-30BA-54553CD0FC81</newElementsIDs>
<usedAttributes>
<attributeRef>8662BF90-726A-B8C8-30BA-54553CD0FC81</attributeRef>
</usedAttributes>
</identifier>
<identifier id="5677F5D1-F994-B914-3950-E33F4B868E1E" name="PR_APPR_FK">
<createdBy>student</createdBy>
<createdTime>2025-02-22 05:55:00 UTC</createdTime>
<ownerDesignName>ALDEN DB MODEL</ownerDesignName>
<shouldEngineer>false</shouldEngineer>
<engineerTo>
<item key="F6BD0762-E0E7-BE53-5686-391C7FD2EE11" value="false"/>
</engineerTo>
<newElementsIDs>E10AC4B8-ABF4-6F46-AB78-8DC111916360</newElementsIDs>
<usedAttributes>
<attributeRef>E10AC4B8-ABF4-6F46-AB78-8DC111916360</attributeRef>
</usedAttributes>
</identifier>
</identifiers>
</Entity>