<?xml version = '1.0' encoding = 'UTF-8'?>
<Entity class="oracle.dbtools.crest.model.design.logical.Entity" directorySegmentName="seg_0" id="6A6235FD-16FF-6CAA-D87F-65A589160FDB" name="GROUP_ROLE">
<createdBy>student</createdBy>
<createdTime>2025-02-22 03:04:22 UTC</createdTime>
<ownerDesignName>ALDEN DB MODEL</ownerDesignName>
<engineerTo>
<item key="F6BD0762-E0E7-BE53-5686-391C7FD2EE11" value="true"/>
</engineerTo>
<adequatelyNormalized>NO</adequatelyNormalized>
<expectedVolumes>0</expectedVolumes>
<fwdEngineeringStrategyName>Single Table</fwdEngineeringStrategyName>
<growthPercent>0</growthPercent>
<growthType>Year</growthType>
<maxVolumes>9999999</maxVolumes>
<minVolumes>0</minVolumes>
<normalForm>Third</normalForm>
<attributes itemClass="oracle.dbtools.crest.model.design.logical.Attribute">
<Attribute name="ID" id="998D080A-7620-6B94-6FFF-B4BC8AE39230">
<createdBy>student</createdBy>
<createdTime>2025-02-22 03:04:32 UTC</createdTime>
<ownerDesignName>ALDEN DB MODEL</ownerDesignName>
<engineerTo>
<item key="F6BD0762-E0E7-BE53-5686-391C7FD2EE11" value="true"/>
</engineerTo>
<useDomainConstraints>false</useDomainConstraints>
<use>1</use>
<logicalDatatype>LOGDT011</logicalDatatype>
<ownDataTypeParameters>,,</ownDataTypeParameters>
</Attribute>
<Attribute name="GROUP_ID" id="BBE078F9-8D31-5FCE-8D55-9ADD82D68688">
<createdBy>student</createdBy>
<createdTime>2025-02-22 03:04:48 UTC</createdTime>
<ownerDesignName>ALDEN DB MODEL</ownerDesignName>
<engineerTo>
<item key="F6BD0762-E0E7-BE53-5686-391C7FD2EE11" value="true"/>
</engineerTo>
<useDomainConstraints>false</useDomainConstraints>
<use>1</use>
<logicalDatatype>LOGDT011</logicalDatatype>
<ownDataTypeParameters>,,</ownDataTypeParameters>
</Attribute>
<Attribute name="ROLE_ID" id="8FE38A1C-C15C-72DD-AD9E-1E77C536E7F9">
<createdBy>student</createdBy>
<createdTime>2025-02-22 03:05:10 UTC</createdTime>
<ownerDesignName>ALDEN DB MODEL</ownerDesignName>
<engineerTo>
<item key="F6BD0762-E0E7-BE53-5686-391C7FD2EE11" value="true"/>
</engineerTo>
<useDomainConstraints>false</useDomainConstraints>
<use>1</use>
<logicalDatatype>LOGDT011</logicalDatatype>
<ownDataTypeParameters>,,</ownDataTypeParameters>
</Attribute>
<Attribute name="ROLE_ID1" id="6122C443-F0BA-454A-5A65-F12541BC56B8">
<createdBy>student</createdBy>
<createdTime>2025-02-22 03:31:54 UTC</createdTime>
<generatorID>8372D8A4-B210-AC88-B53F-0A53B5E67650</generatorID>
<ownerDesignName>ALDEN DB MODEL</ownerDesignName>
<engineerTo>
<item key="F6BD0762-E0E7-BE53-5686-391C7FD2EE11" value="true"/>
</engineerTo>
<referedAttribute>83AE731F-DA97-5A26-AD88-75CAB4F99C26</referedAttribute>
<useDomainConstraints>false</useDomainConstraints>
<use>1</use>
<logicalDatatype>LOGDT011</logicalDatatype>
<ownDataTypeParameters>,,</ownDataTypeParameters>
</Attribute>
<Attribute name="GROUP_ID1" id="5AA1A6D0-CD1E-6FAE-C0A3-13A8EE355488">
<createdBy>student</createdBy>
<createdTime>2025-02-22 03:39:37 UTC</createdTime>
<generatorID>BED9ABE7-B652-E5F7-3C0F-3F3BA3BCD331</generatorID>
<ownerDesignName>ALDEN DB MODEL</ownerDesignName>
<engineerTo>
<item key="F6BD0762-E0E7-BE53-5686-391C7FD2EE11" value="true"/>
</engineerTo>
<referedAttribute>1B66DB0E-6A41-2B12-469F-5770B546B4F0</referedAttribute>
<useDomainConstraints>false</useDomainConstraints>
<use>1</use>
<logicalDatatype>LOGDT011</logicalDatatype>
<ownDataTypeParameters>,,</ownDataTypeParameters>
</Attribute>
</attributes>
<identifiers itemClass="oracle.dbtools.crest.model.design.logical.CandidateKey">
<identifier id="CD89753D-65C8-9F37-0839-5DC9342DCC45" name="GROLE_PK">
<createdBy>student</createdBy>
<createdTime>2025-02-22 03:04:45 UTC</createdTime>
<ownerDesignName>ALDEN DB MODEL</ownerDesignName>
<shouldEngineer>false</shouldEngineer>
<engineerTo>
<item key="F6BD0762-E0E7-BE53-5686-391C7FD2EE11" value="false"/>
</engineerTo>
<pk>true</pk>
<newElementsIDs>998D080A-7620-6B94-6FFF-B4BC8AE39230,8372D8A4-B210-AC88-B53F-0A53B5E67650,BED9ABE7-B652-E5F7-3C0F-3F3BA3BCD331</newElementsIDs>
<usedAttributes>
<attributeRef>998D080A-7620-6B94-6FFF-B4BC8AE39230</attributeRef>
<attributeRef>6122C443-F0BA-454A-5A65-F12541BC56B8</attributeRef>
<attributeRef>5AA1A6D0-CD1E-6FAE-C0A3-13A8EE355488</attributeRef>
</usedAttributes>
</identifier>
<identifier id="C58B4CE3-D720-ED1D-F7AE-7CCDE3D483CA" name="RGRP_FK">
<createdBy>student</createdBy>
<createdTime>2025-02-22 03:19:41 UTC</createdTime>
<ownerDesignName>ALDEN DB MODEL</ownerDesignName>
<shouldEngineer>false</shouldEngineer>
<engineerTo>
<item key="F6BD0762-E0E7-BE53-5686-391C7FD2EE11" value="false"/>
</engineerTo>
<newElementsIDs>8FE38A1C-C15C-72DD-AD9E-1E77C536E7F9</newElementsIDs>
<usedAttributes>
<attributeRef>8FE38A1C-C15C-72DD-AD9E-1E77C536E7F9</attributeRef>
</usedAttributes>
</identifier>
<identifier id="D777C04F-1328-69FC-069B-9A2046BD26B5" name="RGUG_PK">
<createdBy>student</createdBy>
<createdTime>2025-02-22 03:34:18 UTC</createdTime>
<ownerDesignName>ALDEN DB MODEL</ownerDesignName>
<shouldEngineer>false</shouldEngineer>
<engineerTo>
<item key="F6BD0762-E0E7-BE53-5686-391C7FD2EE11" value="false"/>
</engineerTo>
<newElementsIDs>BBE078F9-8D31-5FCE-8D55-9ADD82D68688</newElementsIDs>
<usedAttributes>
<attributeRef>BBE078F9-8D31-5FCE-8D55-9ADD82D68688</attributeRef>
</usedAttributes>
</identifier>
</identifiers>
</Entity>