<?xml version = '1.0' encoding = 'UTF-8'?>
<Entity class="oracle.dbtools.crest.model.design.logical.Entity" directorySegmentName="seg_0" id="6CD88A36-F8F7-5F50-060A-33B4795F0E76" name="ASSIGNMENT">
<createdBy>student</createdBy>
<createdTime>2025-02-22 02:52:18 UTC</createdTime>
<ownerDesignName>ALDEN DB MODEL</ownerDesignName>
<engineerTo>
<item key="F6BD0762-E0E7-BE53-5686-391C7FD2EE11" value="true"/>
</engineerTo>
<adequatelyNormalized>NO</adequatelyNormalized>
<expectedVolumes>0</expectedVolumes>
<fwdEngineeringStrategyName>Single Table</fwdEngineeringStrategyName>
<growthPercent>0</growthPercent>
<growthType>Year</growthType>
<maxVolumes>9999999</maxVolumes>
<minVolumes>0</minVolumes>
<normalForm>Third</normalForm>
<shortName>ASS</shortName>
<synonym>ASS</synonym>
<attributes itemClass="oracle.dbtools.crest.model.design.logical.Attribute">
<Attribute name="ID" id="F590A6B9-818A-0E0F-02F2-7B9A3375A30E">
<createdBy>student</createdBy>
<createdTime>2025-02-22 02:52:26 UTC</createdTime>
<ownerDesignName>ALDEN DB MODEL</ownerDesignName>
<engineerTo>
<item key="F6BD0762-E0E7-BE53-5686-391C7FD2EE11" value="true"/>
</engineerTo>
<useDomainConstraints>false</useDomainConstraints>
<use>1</use>
<logicalDatatype>LOGDT011</logicalDatatype>
<ownDataTypeParameters>,,</ownDataTypeParameters>
</Attribute>
<Attribute name="MUNI_PSGC" id="CEFE259F-CE43-6507-A074-86E30367D95E">
<createdBy>student</createdBy>
<createdTime>2025-02-22 02:52:44 UTC</createdTime>
<ownerDesignName>ALDEN DB MODEL</ownerDesignName>
<engineerTo>
<item key="F6BD0762-E0E7-BE53-5686-391C7FD2EE11" value="true"/>
</engineerTo>
<useDomainConstraints>false</useDomainConstraints>
<use>1</use>
<logicalDatatype>LOGDT011</logicalDatatype>
<ownDataTypeParameters>,,</ownDataTypeParameters>
</Attribute>
<Attribute name="EMPLOYEE_ID" id="0FB4D97A-DA77-E116-2215-41601A1BF4FF">
<createdBy>student</createdBy>
<createdTime>2025-02-22 02:53:17 UTC</createdTime>
<ownerDesignName>ALDEN DB MODEL</ownerDesignName>
<engineerTo>
<item key="F6BD0762-E0E7-BE53-5686-391C7FD2EE11" value="true"/>
</engineerTo>
<useDomainConstraints>false</useDomainConstraints>
<use>1</use>
<logicalDatatype>LOGDT011</logicalDatatype>
<ownDataTypeParameters>,,</ownDataTypeParameters>
</Attribute>
<Attribute name="ID1" id="EDCB1690-21F4-CA40-DF14-70AD665CC609">
<createdBy>student</createdBy>
<createdTime>2025-02-22 05:00:25 UTC</createdTime>
<generatorID>451EDC50-691F-DC8A-3AAA-46EB2E6EC0ED</generatorID>
<ownerDesignName>ALDEN DB MODEL</ownerDesignName>
<engineerTo>
<item key="F6BD0762-E0E7-BE53-5686-391C7FD2EE11" value="true"/>
</engineerTo>
<referedAttribute>7637EABE-8327-9873-1467-FEC9DB4D9F44</referedAttribute>
<useDomainConstraints>false</useDomainConstraints>
<use>1</use>
<logicalDatatype>LOGDT011</logicalDatatype>
<ownDataTypeParameters>,,</ownDataTypeParameters>
</Attribute>
<Attribute name="ID11" id="FB63A802-8867-7E87-DDEE-00FB96D7065A">
<createdBy>student</createdBy>
<createdTime>2025-02-22 05:00:25 UTC</createdTime>
<generatorID>451EDC50-691F-DC8A-3AAA-46EB2E6EC0ED</generatorID>
<ownerDesignName>ALDEN DB MODEL</ownerDesignName>
<engineerTo>
<item key="F6BD0762-E0E7-BE53-5686-391C7FD2EE11" value="true"/>
</engineerTo>
<referedAttribute>1743DDC4-5802-EEF1-025E-AFEAF5F0E0D8</referedAttribute>
<useDomainConstraints>false</useDomainConstraints>
<use>1</use>
<logicalDatatype>LOGDT011</logicalDatatype>
<ownDataTypeParameters>,,</ownDataTypeParameters>
</Attribute>
</attributes>
<identifiers itemClass="oracle.dbtools.crest.model.design.logical.CandidateKey">
<identifier id="FD746F16-6D9F-114A-F637-F9B0CE2455F4" name="ASS_PK">
<createdBy>student</createdBy>
<createdTime>2025-02-22 02:52:38 UTC</createdTime>
<ownerDesignName>ALDEN DB MODEL</ownerDesignName>
<shouldEngineer>false</shouldEngineer>
<engineerTo>
<item key="F6BD0762-E0E7-BE53-5686-391C7FD2EE11" value="false"/>
</engineerTo>
<pk>true</pk>
<newElementsIDs>F590A6B9-818A-0E0F-02F2-7B9A3375A30E,EDCB1690-21F4-CA40-DF14-70AD665CC609,FB63A802-8867-7E87-DDEE-00FB96D7065A</newElementsIDs>
<usedAttributes>
<attributeRef>F590A6B9-818A-0E0F-02F2-7B9A3375A30E</attributeRef>
<attributeRef>EDCB1690-21F4-CA40-DF14-70AD665CC609</attributeRef>
<attributeRef>FB63A802-8867-7E87-DDEE-00FB96D7065A</attributeRef>
</usedAttributes>
</identifier>
<identifier id="A5B3A137-AD89-6FD4-C9D2-BE6070740A4B" name="ASS_EMP_FK">
<createdBy>student</createdBy>
<createdTime>2025-02-22 04:59:47 UTC</createdTime>
<ownerDesignName>ALDEN DB MODEL</ownerDesignName>
<shouldEngineer>false</shouldEngineer>
<engineerTo>
<item key="F6BD0762-E0E7-BE53-5686-391C7FD2EE11" value="false"/>
</engineerTo>
<newElementsIDs>0FB4D97A-DA77-E116-2215-41601A1BF4FF</newElementsIDs>
<usedAttributes>
<attributeRef>0FB4D97A-DA77-E116-2215-41601A1BF4FF</attributeRef>
</usedAttributes>
</identifier>
<identifier id="8B015D20-260F-CF38-352F-542AE046EE51" name="MUN_ASS_FK">
<createdBy>student</createdBy>
<createdTime>2025-02-22 05:02:40 UTC</createdTime>
<ownerDesignName>ALDEN DB MODEL</ownerDesignName>
<shouldEngineer>false</shouldEngineer>
<engineerTo>
<item key="F6BD0762-E0E7-BE53-5686-391C7FD2EE11" value="false"/>
</engineerTo>
<newElementsIDs>CEFE259F-CE43-6507-A074-86E30367D95E</newElementsIDs>
<usedAttributes>
<attributeRef>CEFE259F-CE43-6507-A074-86E30367D95E</attributeRef>
</usedAttributes>
</identifier>
</identifiers>
</Entity>