<?xml version = '1.0' encoding = 'UTF-8'?>
<Entity class="oracle.dbtools.crest.model.design.logical.Entity" directorySegmentName="seg_0" id="7D015859-7A69-E7DF-7437-7B9B0A73CDFE" name="BENEFICIARY">
<createdBy>student</createdBy>
<createdTime>2025-02-22 02:30:59 UTC</createdTime>
<ownerDesignName>ALDEN DB MODEL</ownerDesignName>
<engineerTo>
<item key="F6BD0762-E0E7-BE53-5686-391C7FD2EE11" value="true"/>
</engineerTo>
<adequatelyNormalized>NO</adequatelyNormalized>
<expectedVolumes>0</expectedVolumes>
<fwdEngineeringStrategyName>Single Table</fwdEngineeringStrategyName>
<growthPercent>0</growthPercent>
<growthType>Year</growthType>
<maxVolumes>9999999</maxVolumes>
<minVolumes>0</minVolumes>
<normalForm>Third</normalForm>
<attributes itemClass="oracle.dbtools.crest.model.design.logical.Attribute">
<Attribute name="ID" id="CA63D589-6DE5-AA84-C67D-D8FAEAD8F3C7">
<createdBy>student</createdBy>
<createdTime>2025-02-22 02:31:08 UTC</createdTime>
<ownerDesignName>ALDEN DB MODEL</ownerDesignName>
<engineerTo>
<item key="F6BD0762-E0E7-BE53-5686-391C7FD2EE11" value="true"/>
</engineerTo>
<useDomainConstraints>false</useDomainConstraints>
<use>1</use>
<logicalDatatype>LOGDT011</logicalDatatype>
<ownDataTypeParameters>,,</ownDataTypeParameters>
</Attribute>
<Attribute name="FIRST_NAME" id="FC98CC19-097E-0964-2065-56045F7F523D">
<createdBy>student</createdBy>
<createdTime>2025-02-22 02:31:34 UTC</createdTime>
<ownerDesignName>ALDEN DB MODEL</ownerDesignName>
<engineerTo>
<item key="F6BD0762-E0E7-BE53-5686-391C7FD2EE11" value="true"/>
</engineerTo>
<useDomainConstraints>false</useDomainConstraints>
<use>1</use>
<logicalDatatype>LOGDT024</logicalDatatype>
<dataTypeSize>30</dataTypeSize>
<ownDataTypeParameters>30,,</ownDataTypeParameters>
</Attribute>
<Attribute name="MIDDLE_NAME" id="6007E959-8CC8-2F61-272A-E513CD73B332">
<createdBy>student</createdBy>
<createdTime>2025-02-22 02:31:42 UTC</createdTime>
<ownerDesignName>ALDEN DB MODEL</ownerDesignName>
<engineerTo>
<item key="F6BD0762-E0E7-BE53-5686-391C7FD2EE11" value="true"/>
</engineerTo>
<nullsAllowed>true</nullsAllowed>
<useDomainConstraints>false</useDomainConstraints>
<use>1</use>
<logicalDatatype>LOGDT024</logicalDatatype>
<dataTypeSize>30</dataTypeSize>
<ownDataTypeParameters>30,,</ownDataTypeParameters>
</Attribute>
<Attribute name="LASTNAME" id="FF8118AF-8639-F166-FFE4-8D801A802D8D">
<createdBy>student</createdBy>
<createdTime>2025-02-22 02:31:58 UTC</createdTime>
<ownerDesignName>ALDEN DB MODEL</ownerDesignName>
<engineerTo>
<item key="F6BD0762-E0E7-BE53-5686-391C7FD2EE11" value="true"/>
</engineerTo>
<useDomainConstraints>false</useDomainConstraints>
<use>1</use>
<logicalDatatype>LOGDT024</logicalDatatype>
<dataTypeSize>30</dataTypeSize>
<ownDataTypeParameters>30,,</ownDataTypeParameters>
</Attribute>
<Attribute name="DATE_OF_BIRTH" id="6C4C363A-E8FA-E66F-574D-90D54FE0EDF2">
<createdBy>student</createdBy>
<createdTime>2025-02-22 02:32:04 UTC</createdTime>
<ownerDesignName>ALDEN DB MODEL</ownerDesignName>
<engineerTo>
<item key="F6BD0762-E0E7-BE53-5686-391C7FD2EE11" value="true"/>
</engineerTo>
<useDomainConstraints>false</useDomainConstraints>
<use>1</use>
<logicalDatatype>LOGDT007</logicalDatatype>
<ownDataTypeParameters>,,</ownDataTypeParameters>
</Attribute>
<Attribute name="NATIONALITY" id="0E4BC75E-3337-6F91-6224-C298F1078B40">
<createdBy>student</createdBy>
<createdTime>2025-02-22 02:32:13 UTC</createdTime>
<ownerDesignName>ALDEN DB MODEL</ownerDesignName>
<engineerTo>
<item key="F6BD0762-E0E7-BE53-5686-391C7FD2EE11" value="true"/>
</engineerTo>
<useDomainConstraints>false</useDomainConstraints>
<use>1</use>
<logicalDatatype>LOGDT024</logicalDatatype>
<dataTypeSize>30</dataTypeSize>
<ownDataTypeParameters>30,,</ownDataTypeParameters>
</Attribute>
<Attribute name="DISABILITY_ID" id="9575347F-EF2B-2325-C1CD-CE6CFB43F622">
<createdBy>student</createdBy>
<createdTime>2025-02-22 02:32:26 UTC</createdTime>
<ownerDesignName>ALDEN DB MODEL</ownerDesignName>
<engineerTo>
<item key="F6BD0762-E0E7-BE53-5686-391C7FD2EE11" value="true"/>
</engineerTo>
<nullsAllowed>true</nullsAllowed>
<useDomainConstraints>false</useDomainConstraints>
<use>1</use>
<logicalDatatype>LOGDT011</logicalDatatype>
<ownDataTypeParameters>,,</ownDataTypeParameters>
</Attribute>
<Attribute name="SEX" id="6296A24D-AA97-74C5-613C-0F9D3709B607">
<createdBy>student</createdBy>
<createdTime>2025-02-22 02:32:32 UTC</createdTime>
<comment><![CDATA[MALE/FEMALE]]></comment>
<ownerDesignName>ALDEN DB MODEL</ownerDesignName>
<engineerTo>
<item key="F6BD0762-E0E7-BE53-5686-391C7FD2EE11" value="true"/>
</engineerTo>
<useDomainConstraints>false</useDomainConstraints>
<use>1</use>
<logicalDatatype>LOGDT024</logicalDatatype>
<dataTypeSize>4</dataTypeSize>
<ownDataTypeParameters>4,,</ownDataTypeParameters>
</Attribute>
<Attribute name="ADDRESS_PSGC" id="71C3D520-6A2C-A508-E08F-4E303BF8A60F">
<createdBy>student</createdBy>
<createdTime>2025-02-22 02:32:35 UTC</createdTime>
<comment><![CDATA[BARANGAY PSGC]]></comment>
<ownerDesignName>ALDEN DB MODEL</ownerDesignName>
<engineerTo>
<item key="F6BD0762-E0E7-BE53-5686-391C7FD2EE11" value="true"/>
</engineerTo>
<useDomainConstraints>false</useDomainConstraints>
<use>1</use>
<logicalDatatype>LOGDT011</logicalDatatype>
<ownDataTypeParameters>,,</ownDataTypeParameters>
</Attribute>
<Attribute name="STATUS" id="B1EC7BD2-A801-D0E6-403A-A508486A7AF1">
<createdBy>student</createdBy>
<createdTime>2025-02-22 02:33:08 UTC</createdTime>
<ownerDesignName>ALDEN DB MODEL</ownerDesignName>
<engineerTo>
<item key="F6BD0762-E0E7-BE53-5686-391C7FD2EE11" value="true"/>
</engineerTo>
<useDomainConstraints>false</useDomainConstraints>
<use>1</use>
<logicalDatatype>LOGDT011</logicalDatatype>
<ownDataTypeParameters>,,</ownDataTypeParameters>
</Attribute>
<Attribute name="BRGY_PSGC" id="FFBBD43E-CE51-9BF5-CB67-46BD7E2592B1">
<createdBy>student</createdBy>
<createdTime>2025-02-22 05:51:49 UTC</createdTime>
<generatorID>3090ED04-8C4E-282A-DC80-EAE822E22A03</generatorID>
<ownerDesignName>ALDEN DB MODEL</ownerDesignName>
<engineerTo>
<item key="F6BD0762-E0E7-BE53-5686-391C7FD2EE11" value="true"/>
</engineerTo>
<referedAttribute>387E7AD9-FFF0-E1F4-C0F1-B4599FE20361</referedAttribute>
<useDomainConstraints>false</useDomainConstraints>
<use>1</use>
<logicalDatatype>LOGDT011</logicalDatatype>
<ownDataTypeParameters>,,</ownDataTypeParameters>
</Attribute>
<Attribute name="MUNI_PSGC1" id="878A513A-A469-F259-6BD1-87EBDE61BC0C">
<createdBy>student</createdBy>
<createdTime>2025-02-22 05:51:49 UTC</createdTime>
<generatorID>3090ED04-8C4E-282A-DC80-EAE822E22A03</generatorID>
<ownerDesignName>ALDEN DB MODEL</ownerDesignName>
<engineerTo>
<item key="F6BD0762-E0E7-BE53-5686-391C7FD2EE11" value="true"/>
</engineerTo>
<referedAttribute>CB5AC796-4418-DD69-A81D-CBF014544156</referedAttribute>
<useDomainConstraints>false</useDomainConstraints>
<use>1</use>
<logicalDatatype>LOGDT011</logicalDatatype>
<ownDataTypeParameters>,,</ownDataTypeParameters>
</Attribute>
<Attribute name="MUNI_PSGC11" id="CC24080E-2109-F42D-F255-1BA8B1A11F47">
<createdBy>student</createdBy>
<createdTime>2025-02-22 05:51:49 UTC</createdTime>
<generatorID>3090ED04-8C4E-282A-DC80-EAE822E22A03</generatorID>
<ownerDesignName>ALDEN DB MODEL</ownerDesignName>
<engineerTo>
<item key="F6BD0762-E0E7-BE53-5686-391C7FD2EE11" value="true"/>
</engineerTo>
<referedAttribute>AA83C1E0-7FDD-3586-4F0E-E1DC3587F275</referedAttribute>
<useDomainConstraints>false</useDomainConstraints>
<use>1</use>
<logicalDatatype>LOGDT011</logicalDatatype>
<ownDataTypeParameters>,,</ownDataTypeParameters>
</Attribute>
<Attribute name="PROV_PSGC1" id="AC5EFC78-D179-34DB-410D-5EE11B0AC6E9">
<createdBy>student</createdBy>
<createdTime>2025-02-22 05:51:49 UTC</createdTime>
<generatorID>3090ED04-8C4E-282A-DC80-EAE822E22A03</generatorID>
<ownerDesignName>ALDEN DB MODEL</ownerDesignName>
<engineerTo>
<item key="F6BD0762-E0E7-BE53-5686-391C7FD2EE11" value="true"/>
</engineerTo>
<referedAttribute>AFFD3970-1CC0-3711-ECEF-1181C53BC92C</referedAttribute>
<useDomainConstraints>false</useDomainConstraints>
<use>1</use>
<logicalDatatype>LOGDT011</logicalDatatype>
<ownDataTypeParameters>,,</ownDataTypeParameters>
</Attribute>
<Attribute name="REG_PSGC1" id="7B318F4F-7F03-7606-66EB-0B74E5B1DB21">
<createdBy>student</createdBy>
<createdTime>2025-02-22 05:51:49 UTC</createdTime>
<generatorID>3090ED04-8C4E-282A-DC80-EAE822E22A03</generatorID>
<ownerDesignName>ALDEN DB MODEL</ownerDesignName>
<engineerTo>
<item key="F6BD0762-E0E7-BE53-5686-391C7FD2EE11" value="true"/>
</engineerTo>
<referedAttribute>70898ABB-5FF1-E4B7-3149-C03757289483</referedAttribute>
<useDomainConstraints>false</useDomainConstraints>
<use>1</use>
<logicalDatatype>LOGDT011</logicalDatatype>
<ownDataTypeParameters>,,</ownDataTypeParameters>
</Attribute>
</attributes>
<identifiers itemClass="oracle.dbtools.crest.model.design.logical.CandidateKey">
<identifier id="D6122070-02BA-0FF3-6517-027C14C788BA" name="BEN_PK">
<createdBy>student</createdBy>
<createdTime>2025-02-22 02:31:19 UTC</createdTime>
<ownerDesignName>ALDEN DB MODEL</ownerDesignName>
<engineerTo>
<item key="F6BD0762-E0E7-BE53-5686-391C7FD2EE11" value="true"/>
</engineerTo>
<pk>true</pk>
<newElementsIDs>CA63D589-6DE5-AA84-C67D-D8FAEAD8F3C7,FFBBD43E-CE51-9BF5-CB67-46BD7E2592B1,878A513A-A469-F259-6BD1-87EBDE61BC0C,CC24080E-2109-F42D-F255-1BA8B1A11F47,AC5EFC78-D179-34DB-410D-5EE11B0AC6E9,7B318F4F-7F03-7606-66EB-0B74E5B1DB21</newElementsIDs>
<usedAttributes>
<attributeRef>CA63D589-6DE5-AA84-C67D-D8FAEAD8F3C7</attributeRef>
<attributeRef>FFBBD43E-CE51-9BF5-CB67-46BD7E2592B1</attributeRef>
<attributeRef>878A513A-A469-F259-6BD1-87EBDE61BC0C</attributeRef>
<attributeRef>CC24080E-2109-F42D-F255-1BA8B1A11F47</attributeRef>
<attributeRef>AC5EFC78-D179-34DB-410D-5EE11B0AC6E9</attributeRef>
<attributeRef>7B318F4F-7F03-7606-66EB-0B74E5B1DB21</attributeRef>
</usedAttributes>
</identifier>
<identifier id="28E8A125-E34B-30D2-267D-23DA21BBA392" name="BEN_ADD_FK">
<createdBy>student</createdBy>
<createdTime>2025-02-22 05:22:09 UTC</createdTime>
<ownerDesignName>ALDEN DB MODEL</ownerDesignName>
<engineerTo>
<item key="F6BD0762-E0E7-BE53-5686-391C7FD2EE11" value="true"/>
</engineerTo>
<newElementsIDs>71C3D520-6A2C-A508-E08F-4E303BF8A60F</newElementsIDs>
<usedAttributes>
<attributeRef>71C3D520-6A2C-A508-E08F-4E303BF8A60F</attributeRef>
</usedAttributes>
</identifier>
</identifiers>
</Entity>