<?xml version = '1.0' encoding = 'UTF-8'?>
<Entity class="oracle.dbtools.crest.model.design.logical.Entity" directorySegmentName="seg_0" id="8786A37B-BD93-2EDF-D057-394891C7C539" name="MUNICIPALITY">
<createdBy>student</createdBy>
<createdTime>2025-02-22 02:45:20 UTC</createdTime>
<ownerDesignName>ALDEN DB MODEL</ownerDesignName>
<engineerTo>
<item key="F6BD0762-E0E7-BE53-5686-391C7FD2EE11" value="true"/>
</engineerTo>
<adequatelyNormalized>NO</adequatelyNormalized>
<expectedVolumes>0</expectedVolumes>
<fwdEngineeringStrategyName>Single Table</fwdEngineeringStrategyName>
<growthPercent>0</growthPercent>
<growthType>Year</growthType>
<maxVolumes>9999999</maxVolumes>
<minVolumes>0</minVolumes>
<normalForm>Third</normalForm>
<attributes itemClass="oracle.dbtools.crest.model.design.logical.Attribute">
<Attribute name="MUNI_PSGC" id="90CA2E01-073C-F485-753D-FAEC47DCC0CE">
<createdBy>student</createdBy>
<createdTime>2025-02-22 02:45:31 UTC</createdTime>
<ownerDesignName>ALDEN DB MODEL</ownerDesignName>
<engineerTo>
<item key="F6BD0762-E0E7-BE53-5686-391C7FD2EE11" value="true"/>
</engineerTo>
<useDomainConstraints>false</useDomainConstraints>
<use>1</use>
<logicalDatatype>LOGDT011</logicalDatatype>
<ownDataTypeParameters>,,</ownDataTypeParameters>
</Attribute>
<Attribute name="PROV_PSGC" id="2AC5856E-7A24-A3A2-9F77-AF1877DD6226">
<createdBy>student</createdBy>
<createdTime>2025-02-22 02:45:57 UTC</createdTime>
<ownerDesignName>ALDEN DB MODEL</ownerDesignName>
<engineerTo>
<item key="F6BD0762-E0E7-BE53-5686-391C7FD2EE11" value="true"/>
</engineerTo>
<useDomainConstraints>false</useDomainConstraints>
<use>1</use>
<logicalDatatype>LOGDT011</logicalDatatype>
<ownDataTypeParameters>,,</ownDataTypeParameters>
</Attribute>
<Attribute name="MUNICIPALITY" id="B25CC75B-9C00-49C0-DBB3-9E647B177BB8">
<createdBy>student</createdBy>
<createdTime>2025-02-22 02:46:18 UTC</createdTime>
<ownerDesignName>ALDEN DB MODEL</ownerDesignName>
<engineerTo>
<item key="F6BD0762-E0E7-BE53-5686-391C7FD2EE11" value="true"/>
</engineerTo>
<useDomainConstraints>false</useDomainConstraints>
<use>1</use>
<logicalDatatype>LOGDT024</logicalDatatype>
<dataTypeSize>20</dataTypeSize>
<ownDataTypeParameters>20,,</ownDataTypeParameters>
</Attribute>
<Attribute name="MUNI_PSGC1" id="020E1408-1F40-DEA3-22BF-30B2830E4245">
<createdBy>student</createdBy>
<createdTime>2025-02-22 05:04:07 UTC</createdTime>
<generatorID>2BE2A03F-C6E9-A661-2DFA-50D5227CF111</generatorID>
<ownerDesignName>ALDEN DB MODEL</ownerDesignName>
<engineerTo>
<item key="F6BD0762-E0E7-BE53-5686-391C7FD2EE11" value="true"/>
</engineerTo>
<referedAttribute>CEFE259F-CE43-6507-A074-86E30367D95E</referedAttribute>
<useDomainConstraints>false</useDomainConstraints>
<use>1</use>
<logicalDatatype>LOGDT011</logicalDatatype>
<ownDataTypeParameters>,,</ownDataTypeParameters>
</Attribute>
<Attribute name="PROV_PSGC1" id="E66EB76A-2555-7153-4A55-E19FACB2FFF0">
<createdBy>student</createdBy>
<createdTime>2025-02-22 05:08:07 UTC</createdTime>
<generatorID>AECEFB10-FEDA-D1FB-E96F-CB6BDDB4D2B1</generatorID>
<ownerDesignName>ALDEN DB MODEL</ownerDesignName>
<engineerTo>
<item key="F6BD0762-E0E7-BE53-5686-391C7FD2EE11" value="true"/>
</engineerTo>
<referedAttribute>C40BACA7-3E7B-7216-5986-C2FF2E560A0B</referedAttribute>
<useDomainConstraints>false</useDomainConstraints>
<use>1</use>
<logicalDatatype>LOGDT011</logicalDatatype>
<ownDataTypeParameters>,,</ownDataTypeParameters>
</Attribute>
<Attribute name="REG_PSGC1" id="E454E9F5-2720-7E65-1973-C4A7337739B9">
<createdBy>student</createdBy>
<createdTime>2025-02-22 05:10:31 UTC</createdTime>
<generatorID>AECEFB10-FEDA-D1FB-E96F-CB6BDDB4D2B1</generatorID>
<ownerDesignName>ALDEN DB MODEL</ownerDesignName>
<engineerTo>
<item key="F6BD0762-E0E7-BE53-5686-391C7FD2EE11" value="true"/>
</engineerTo>
<referedAttribute>D5FEE1BC-3DD8-6E53-6C95-244F77088079</referedAttribute>
<useDomainConstraints>false</useDomainConstraints>
<use>1</use>
<logicalDatatype>LOGDT011</logicalDatatype>
<ownDataTypeParameters>,,</ownDataTypeParameters>
</Attribute>
</attributes>
<identifiers itemClass="oracle.dbtools.crest.model.design.logical.CandidateKey">
<identifier id="67EBFFBA-5457-8264-DFA5-ED315434353A" name="MUN_PK">
<createdBy>student</createdBy>
<createdTime>2025-02-22 02:45:40 UTC</createdTime>
<ownerDesignName>ALDEN DB MODEL</ownerDesignName>
<engineerTo>
<item key="F6BD0762-E0E7-BE53-5686-391C7FD2EE11" value="true"/>
</engineerTo>
<pk>true</pk>
<newElementsIDs>90CA2E01-073C-F485-753D-FAEC47DCC0CE,020E1408-1F40-DEA3-22BF-30B2830E4245,E66EB76A-2555-7153-4A55-E19FACB2FFF0,E454E9F5-2720-7E65-1973-C4A7337739B9</newElementsIDs>
<usedAttributes>
<attributeRef>90CA2E01-073C-F485-753D-FAEC47DCC0CE</attributeRef>
<attributeRef>020E1408-1F40-DEA3-22BF-30B2830E4245</attributeRef>
<attributeRef>E66EB76A-2555-7153-4A55-E19FACB2FFF0</attributeRef>
<attributeRef>E454E9F5-2720-7E65-1973-C4A7337739B9</attributeRef>
</usedAttributes>
</identifier>
<identifier id="3B0828D6-EB45-1A5E-EABE-D0A9E5F74180" name="MUN_PRO_FK">
<createdBy>student</createdBy>
<createdTime>2025-02-22 05:07:01 UTC</createdTime>
<ownerDesignName>ALDEN DB MODEL</ownerDesignName>
<engineerTo>
<item key="F6BD0762-E0E7-BE53-5686-391C7FD2EE11" value="true"/>
</engineerTo>
<newElementsIDs>2AC5856E-7A24-A3A2-9F77-AF1877DD6226</newElementsIDs>
<usedAttributes>
<attributeRef>2AC5856E-7A24-A3A2-9F77-AF1877DD6226</attributeRef>
</usedAttributes>
</identifier>
</identifiers>
</Entity>