<?xml version = '1.0' encoding = 'UTF-8'?>
<Entity class="oracle.dbtools.crest.model.design.logical.Entity" directorySegmentName="seg_0" id="8AC60E4E-2816-4372-C99B-1A9449CA4066" name="REGION">
<createdBy>student</createdBy>
<createdTime>2025-02-22 02:48:28 UTC</createdTime>
<ownerDesignName>ALDEN DB MODEL</ownerDesignName>
<engineerTo>
<item key="F6BD0762-E0E7-BE53-5686-391C7FD2EE11" value="true"/>
</engineerTo>
<adequatelyNormalized>NO</adequatelyNormalized>
<expectedVolumes>0</expectedVolumes>
<fwdEngineeringStrategyName>Single Table</fwdEngineeringStrategyName>
<growthPercent>0</growthPercent>
<growthType>Year</growthType>
<maxVolumes>9999999</maxVolumes>
<minVolumes>0</minVolumes>
<normalForm>Third</normalForm>
<attributes itemClass="oracle.dbtools.crest.model.design.logical.Attribute">
<Attribute name="REG_PSGC" id="CE52FDC4-3AD0-8628-7CB5-A0138FF4DF61">
<createdBy>student</createdBy>
<createdTime>2025-02-22 02:49:00 UTC</createdTime>
<ownerDesignName>ALDEN DB MODEL</ownerDesignName>
<engineerTo>
<item key="F6BD0762-E0E7-BE53-5686-391C7FD2EE11" value="true"/>
</engineerTo>
<useDomainConstraints>false</useDomainConstraints>
<use>1</use>
<logicalDatatype>LOGDT011</logicalDatatype>
<ownDataTypeParameters>,,</ownDataTypeParameters>
</Attribute>
<Attribute name="REGION" id="0F2E9C15-1F2F-7B43-ECD0-82162171D42F">
<createdBy>student</createdBy>
<createdTime>2025-02-22 02:49:09 UTC</createdTime>
<ownerDesignName>ALDEN DB MODEL</ownerDesignName>
<engineerTo>
<item key="F6BD0762-E0E7-BE53-5686-391C7FD2EE11" value="true"/>
</engineerTo>
<useDomainConstraints>false</useDomainConstraints>
<use>1</use>
<logicalDatatype>LOGDT024</logicalDatatype>
<dataTypeSize>20</dataTypeSize>
<ownDataTypeParameters>20,,</ownDataTypeParameters>
</Attribute>
</attributes>
<identifiers itemClass="oracle.dbtools.crest.model.design.logical.CandidateKey">
<identifier id="0ABC091A-38A2-C9DF-DBF6-BB11376AF6E9" name="REG_PK">
<createdBy>student</createdBy>
<createdTime>2025-02-22 02:49:06 UTC</createdTime>
<ownerDesignName>ALDEN DB MODEL</ownerDesignName>
<engineerTo>
<item key="F6BD0762-E0E7-BE53-5686-391C7FD2EE11" value="true"/>
</engineerTo>
<pk>true</pk>
<newElementsIDs>CE52FDC4-3AD0-8628-7CB5-A0138FF4DF61</newElementsIDs>
<usedAttributes>
<attributeRef>CE52FDC4-3AD0-8628-7CB5-A0138FF4DF61</attributeRef>
</usedAttributes>
</identifier>
</identifiers>
</Entity>