<?xml version = '1.0' encoding = 'UTF-8'?>
<Entity class="oracle.dbtools.crest.model.design.logical.Entity" directorySegmentName="seg_0" id="936F92EC-BE63-EBE9-7152-D60A6F2C0AF8" name="PROVINCE">
<createdBy>student</createdBy>
<createdTime>2025-02-22 02:46:59 UTC</createdTime>
<ownerDesignName>ALDEN DB MODEL</ownerDesignName>
<engineerTo>
<item key="F6BD0762-E0E7-BE53-5686-391C7FD2EE11" value="true"/>
</engineerTo>
<adequatelyNormalized>NO</adequatelyNormalized>
<expectedVolumes>0</expectedVolumes>
<fwdEngineeringStrategyName>Single Table</fwdEngineeringStrategyName>
<growthPercent>0</growthPercent>
<growthType>Year</growthType>
<maxVolumes>9999999</maxVolumes>
<minVolumes>0</minVolumes>
<normalForm>Third</normalForm>
<attributes itemClass="oracle.dbtools.crest.model.design.logical.Attribute">
<Attribute name="PROV_PSGC" id="C40BACA7-3E7B-7216-5986-C2FF2E560A0B">
<createdBy>student</createdBy>
<createdTime>2025-02-22 02:47:08 UTC</createdTime>
<ownerDesignName>ALDEN DB MODEL</ownerDesignName>
<engineerTo>
<item key="F6BD0762-E0E7-BE53-5686-391C7FD2EE11" value="true"/>
</engineerTo>
<useDomainConstraints>false</useDomainConstraints>
<use>1</use>
<logicalDatatype>LOGDT011</logicalDatatype>
<ownDataTypeParameters>,,</ownDataTypeParameters>
</Attribute>
<Attribute name="PROVINCE" id="AADA1269-BF3F-4A2C-4948-9FBF509AEA50">
<createdBy>student</createdBy>
<createdTime>2025-02-22 02:47:28 UTC</createdTime>
<ownerDesignName>ALDEN DB MODEL</ownerDesignName>
<engineerTo>
<item key="F6BD0762-E0E7-BE53-5686-391C7FD2EE11" value="true"/>
</engineerTo>
<useDomainConstraints>false</useDomainConstraints>
<use>1</use>
<logicalDatatype>LOGDT024</logicalDatatype>
<dataTypeSize>20</dataTypeSize>
<ownDataTypeParameters>20,,</ownDataTypeParameters>
</Attribute>
<Attribute name="REG_PSGC" id="429C34FE-F405-9AFD-522C-A00A22C3A0DF">
<createdBy>student</createdBy>
<createdTime>2025-02-22 02:47:54 UTC</createdTime>
<ownerDesignName>ALDEN DB MODEL</ownerDesignName>
<engineerTo>
<item key="F6BD0762-E0E7-BE53-5686-391C7FD2EE11" value="true"/>
</engineerTo>
<useDomainConstraints>false</useDomainConstraints>
<use>1</use>
<logicalDatatype>LOGDT011</logicalDatatype>
<ownDataTypeParameters>,,</ownDataTypeParameters>
</Attribute>
<Attribute name="REG_PSGC1" id="D5FEE1BC-3DD8-6E53-6C95-244F77088079">
<createdBy>student</createdBy>
<createdTime>2025-02-22 05:10:23 UTC</createdTime>
<generatorID>26C4987B-3144-6BC3-2B88-8C3A41C2115C</generatorID>
<ownerDesignName>ALDEN DB MODEL</ownerDesignName>
<engineerTo>
<item key="F6BD0762-E0E7-BE53-5686-391C7FD2EE11" value="true"/>
</engineerTo>
<referedAttribute>CE52FDC4-3AD0-8628-7CB5-A0138FF4DF61</referedAttribute>
<useDomainConstraints>false</useDomainConstraints>
<use>1</use>
<logicalDatatype>LOGDT011</logicalDatatype>
<ownDataTypeParameters>,,</ownDataTypeParameters>
</Attribute>
</attributes>
<identifiers itemClass="oracle.dbtools.crest.model.design.logical.CandidateKey">
<identifier id="F4B54567-6C50-C689-16AC-017696CA906E" name="PROV_PK">
<createdBy>student</createdBy>
<createdTime>2025-02-22 02:47:20 UTC</createdTime>
<ownerDesignName>ALDEN DB MODEL</ownerDesignName>
<engineerTo>
<item key="F6BD0762-E0E7-BE53-5686-391C7FD2EE11" value="true"/>
</engineerTo>
<pk>true</pk>
<newElementsIDs>C40BACA7-3E7B-7216-5986-C2FF2E560A0B,D5FEE1BC-3DD8-6E53-6C95-244F77088079</newElementsIDs>
<usedAttributes>
<attributeRef>C40BACA7-3E7B-7216-5986-C2FF2E560A0B</attributeRef>
<attributeRef>D5FEE1BC-3DD8-6E53-6C95-244F77088079</attributeRef>
</usedAttributes>
</identifier>
<identifier id="5193A737-5B56-1897-611A-CB3C4EF917CC" name="PROV_REG_FK">
<createdBy>student</createdBy>
<createdTime>2025-02-22 05:08:54 UTC</createdTime>
<ownerDesignName>ALDEN DB MODEL</ownerDesignName>
<engineerTo>
<item key="F6BD0762-E0E7-BE53-5686-391C7FD2EE11" value="true"/>
</engineerTo>
<newElementsIDs>429C34FE-F405-9AFD-522C-A00A22C3A0DF</newElementsIDs>
<usedAttributes>
<attributeRef>429C34FE-F405-9AFD-522C-A00A22C3A0DF</attributeRef>
</usedAttributes>
</identifier>
</identifiers>
</Entity>