<?xml version = '1.0' encoding = 'UTF-8'?>
<Entity class="oracle.dbtools.crest.model.design.logical.Entity" directorySegmentName="seg_0" id="991708F6-F9B9-FE80-1407-03467AD98575" name="BARANGAY">
<createdBy>student</createdBy>
<createdTime>2025-02-22 02:43:14 UTC</createdTime>
<ownerDesignName>ALDEN DB MODEL</ownerDesignName>
<engineerTo>
<item key="F6BD0762-E0E7-BE53-5686-391C7FD2EE11" value="true"/>
</engineerTo>
<adequatelyNormalized>NO</adequatelyNormalized>
<expectedVolumes>0</expectedVolumes>
<fwdEngineeringStrategyName>Single Table</fwdEngineeringStrategyName>
<growthPercent>0</growthPercent>
<growthType>Year</growthType>
<maxVolumes>9999999</maxVolumes>
<minVolumes>0</minVolumes>
<normalForm>Third</normalForm>
<attributes itemClass="oracle.dbtools.crest.model.design.logical.Attribute">
<Attribute name="BRGY_PSGC" id="387E7AD9-FFF0-E1F4-C0F1-B4599FE20361">
<createdBy>student</createdBy>
<createdTime>2025-02-22 02:43:32 UTC</createdTime>
<ownerDesignName>ALDEN DB MODEL</ownerDesignName>
<engineerTo>
<item key="F6BD0762-E0E7-BE53-5686-391C7FD2EE11" value="true"/>
</engineerTo>
<useDomainConstraints>false</useDomainConstraints>
<use>1</use>
<logicalDatatype>LOGDT011</logicalDatatype>
<ownDataTypeParameters>,,</ownDataTypeParameters>
</Attribute>
<Attribute name="MUNI_PSGC" id="A10DD999-D2F2-4931-EDDC-6E363721CC15">
<createdBy>student</createdBy>
<createdTime>2025-02-22 02:43:45 UTC</createdTime>
<ownerDesignName>ALDEN DB MODEL</ownerDesignName>
<engineerTo>
<item key="F6BD0762-E0E7-BE53-5686-391C7FD2EE11" value="true"/>
</engineerTo>
<useDomainConstraints>false</useDomainConstraints>
<use>1</use>
<logicalDatatype>LOGDT011</logicalDatatype>
<ownDataTypeParameters>,,</ownDataTypeParameters>
</Attribute>
<Attribute name="BARANGAY" id="2536A1F5-87A5-7519-61A9-434E53ED901D">
<createdBy>student</createdBy>
<createdTime>2025-02-22 02:44:25 UTC</createdTime>
<ownerDesignName>ALDEN DB MODEL</ownerDesignName>
<engineerTo>
<item key="F6BD0762-E0E7-BE53-5686-391C7FD2EE11" value="true"/>
</engineerTo>
<useDomainConstraints>false</useDomainConstraints>
<use>1</use>
<logicalDatatype>LOGDT024</logicalDatatype>
<dataTypeSize>20</dataTypeSize>
<ownDataTypeParameters>20,,</ownDataTypeParameters>
</Attribute>
<Attribute name="MUNI_PSGC1" id="CB5AC796-4418-DD69-A81D-CBF014544156">
<createdBy>student</createdBy>
<createdTime>2025-02-22 05:06:01 UTC</createdTime>
<generatorID>69EFCA6B-A989-5D9D-F365-09CBD7DB0C53</generatorID>
<ownerDesignName>ALDEN DB MODEL</ownerDesignName>
<engineerTo>
<item key="F6BD0762-E0E7-BE53-5686-391C7FD2EE11" value="true"/>
</engineerTo>
<referedAttribute>90CA2E01-073C-F485-753D-FAEC47DCC0CE</referedAttribute>
<useDomainConstraints>false</useDomainConstraints>
<use>1</use>
<logicalDatatype>LOGDT011</logicalDatatype>
<ownDataTypeParameters>,,</ownDataTypeParameters>
</Attribute>
<Attribute name="MUNI_PSGC11" id="AA83C1E0-7FDD-3586-4F0E-E1DC3587F275">
<createdBy>student</createdBy>
<createdTime>2025-02-22 05:06:01 UTC</createdTime>
<generatorID>69EFCA6B-A989-5D9D-F365-09CBD7DB0C53</generatorID>
<ownerDesignName>ALDEN DB MODEL</ownerDesignName>
<engineerTo>
<item key="F6BD0762-E0E7-BE53-5686-391C7FD2EE11" value="true"/>
</engineerTo>
<referedAttribute>020E1408-1F40-DEA3-22BF-30B2830E4245</referedAttribute>
<useDomainConstraints>false</useDomainConstraints>
<use>1</use>
<logicalDatatype>LOGDT011</logicalDatatype>
<ownDataTypeParameters>,,</ownDataTypeParameters>
</Attribute>
<Attribute name="PROV_PSGC1" id="AFFD3970-1CC0-3711-ECEF-1181C53BC92C">
<createdBy>student</createdBy>
<createdTime>2025-02-22 05:08:07 UTC</createdTime>
<generatorID>69EFCA6B-A989-5D9D-F365-09CBD7DB0C53</generatorID>
<ownerDesignName>ALDEN DB MODEL</ownerDesignName>
<engineerTo>
<item key="F6BD0762-E0E7-BE53-5686-391C7FD2EE11" value="true"/>
</engineerTo>
<referedAttribute>E66EB76A-2555-7153-4A55-E19FACB2FFF0</referedAttribute>
<useDomainConstraints>false</useDomainConstraints>
<use>1</use>
<logicalDatatype>LOGDT011</logicalDatatype>
<ownDataTypeParameters>,,</ownDataTypeParameters>
</Attribute>
<Attribute name="REG_PSGC1" id="70898ABB-5FF1-E4B7-3149-C03757289483">
<createdBy>student</createdBy>
<createdTime>2025-02-22 05:10:31 UTC</createdTime>
<generatorID>69EFCA6B-A989-5D9D-F365-09CBD7DB0C53</generatorID>
<ownerDesignName>ALDEN DB MODEL</ownerDesignName>
<engineerTo>
<item key="F6BD0762-E0E7-BE53-5686-391C7FD2EE11" value="true"/>
</engineerTo>
<referedAttribute>E454E9F5-2720-7E65-1973-C4A7337739B9</referedAttribute>
<useDomainConstraints>false</useDomainConstraints>
<use>1</use>
<logicalDatatype>LOGDT011</logicalDatatype>
<ownDataTypeParameters>,,</ownDataTypeParameters>
</Attribute>
</attributes>
<identifiers itemClass="oracle.dbtools.crest.model.design.logical.CandidateKey">
<identifier id="0AC93B01-8481-814B-01D5-DC589D1D2565" name="BRGY_PK">
<createdBy>student</createdBy>
<createdTime>2025-02-22 02:43:41 UTC</createdTime>
<ownerDesignName>ALDEN DB MODEL</ownerDesignName>
<engineerTo>
<item key="F6BD0762-E0E7-BE53-5686-391C7FD2EE11" value="true"/>
</engineerTo>
<pk>true</pk>
<newElementsIDs>387E7AD9-FFF0-E1F4-C0F1-B4599FE20361,CB5AC796-4418-DD69-A81D-CBF014544156,AA83C1E0-7FDD-3586-4F0E-E1DC3587F275,AFFD3970-1CC0-3711-ECEF-1181C53BC92C,70898ABB-5FF1-E4B7-3149-C03757289483</newElementsIDs>
<usedAttributes>
<attributeRef>387E7AD9-FFF0-E1F4-C0F1-B4599FE20361</attributeRef>
<attributeRef>CB5AC796-4418-DD69-A81D-CBF014544156</attributeRef>
<attributeRef>AA83C1E0-7FDD-3586-4F0E-E1DC3587F275</attributeRef>
<attributeRef>AFFD3970-1CC0-3711-ECEF-1181C53BC92C</attributeRef>
<attributeRef>70898ABB-5FF1-E4B7-3149-C03757289483</attributeRef>
</usedAttributes>
</identifier>
<identifier id="75F2A48A-F4A8-8E9A-ABDD-D6AD0AFAA1A0" name="BRGY_MUN_FK">
<createdBy>student</createdBy>
<createdTime>2025-02-22 05:04:54 UTC</createdTime>
<ownerDesignName>ALDEN DB MODEL</ownerDesignName>
<engineerTo>
<item key="F6BD0762-E0E7-BE53-5686-391C7FD2EE11" value="true"/>
</engineerTo>
<newElementsIDs>A10DD999-D2F2-4931-EDDC-6E363721CC15</newElementsIDs>
<usedAttributes>
<attributeRef>A10DD999-D2F2-4931-EDDC-6E363721CC15</attributeRef>
</usedAttributes>
</identifier>
</identifiers>
</Entity>