<?xml version = '1.0' encoding = 'UTF-8'?>
<Entity class="oracle.dbtools.crest.model.design.logical.Entity" directorySegmentName="seg_0" id="CA24A810-2A35-C818-91D9-906F35DC509D" name="USER_GROUP">
<createdBy>student</createdBy>
<createdTime>2025-02-22 03:03:19 UTC</createdTime>
<ownerDesignName>ALDEN DB MODEL</ownerDesignName>
<engineerTo>
<item key="F6BD0762-E0E7-BE53-5686-391C7FD2EE11" value="true"/>
</engineerTo>
<adequatelyNormalized>NO</adequatelyNormalized>
<expectedVolumes>0</expectedVolumes>
<fwdEngineeringStrategyName>Single Table</fwdEngineeringStrategyName>
<growthPercent>0</growthPercent>
<growthType>Year</growthType>
<maxVolumes>9999999</maxVolumes>
<minVolumes>0</minVolumes>
<normalForm>Third</normalForm>
<attributes itemClass="oracle.dbtools.crest.model.design.logical.Attribute">
<Attribute name="GROUP_ID" id="1B66DB0E-6A41-2B12-469F-5770B546B4F0">
<createdBy>student</createdBy>
<createdTime>2025-02-22 03:03:26 UTC</createdTime>
<ownerDesignName>ALDEN DB MODEL</ownerDesignName>
<engineerTo>
<item key="F6BD0762-E0E7-BE53-5686-391C7FD2EE11" value="true"/>
</engineerTo>
<useDomainConstraints>false</useDomainConstraints>
<use>1</use>
<logicalDatatype>LOGDT011</logicalDatatype>
<ownDataTypeParameters>,,</ownDataTypeParameters>
</Attribute>
<Attribute name="USER_GROUP" id="8BA3404F-6E34-C9F4-F2D5-69119C2273BC">
<createdBy>student</createdBy>
<createdTime>2025-02-22 03:03:40 UTC</createdTime>
<ownerDesignName>ALDEN DB MODEL</ownerDesignName>
<engineerTo>
<item key="F6BD0762-E0E7-BE53-5686-391C7FD2EE11" value="true"/>
</engineerTo>
<useDomainConstraints>false</useDomainConstraints>
<use>1</use>
<logicalDatatype>LOGDT024</logicalDatatype>
<dataTypeSize>20</dataTypeSize>
<ownDataTypeParameters>20,,</ownDataTypeParameters>
</Attribute>
<Attribute name="STATUS" id="18EFB023-ED71-FEB9-3BC9-65222DA73989">
<createdBy>student</createdBy>
<createdTime>2025-02-22 03:09:10 UTC</createdTime>
<ownerDesignName>ALDEN DB MODEL</ownerDesignName>
<engineerTo>
<item key="F6BD0762-E0E7-BE53-5686-391C7FD2EE11" value="true"/>
</engineerTo>
<useDomainConstraints>false</useDomainConstraints>
<use>1</use>
<logicalDatatype>LOGDT024</logicalDatatype>
<dataTypeSize>30</dataTypeSize>
<ownDataTypeParameters>30,,</ownDataTypeParameters>
</Attribute>
</attributes>
<identifiers itemClass="oracle.dbtools.crest.model.design.logical.CandidateKey">
<identifier id="10F651A2-8B5B-88F9-829C-13E4E88FE257" name="UGRP_PK">
<createdBy>student</createdBy>
<createdTime>2025-02-22 03:03:37 UTC</createdTime>
<ownerDesignName>ALDEN DB MODEL</ownerDesignName>
<shouldEngineer>false</shouldEngineer>
<engineerTo>
<item key="F6BD0762-E0E7-BE53-5686-391C7FD2EE11" value="false"/>
</engineerTo>
<pk>true</pk>
<newElementsIDs>1B66DB0E-6A41-2B12-469F-5770B546B4F0</newElementsIDs>
<usedAttributes>
<attributeRef>1B66DB0E-6A41-2B12-469F-5770B546B4F0</attributeRef>
</usedAttributes>
</identifier>
</identifiers>
</Entity>