<?xml version = '1.0' encoding = 'UTF-8'?>
<Entity class="oracle.dbtools.crest.model.design.logical.Entity" directorySegmentName="seg_0" id="D030EC6D-9024-5092-197F-4CA60166034C" name="PAYROLL_DETAIL">
<createdBy>student</createdBy>
<createdTime>2025-02-22 02:18:55 UTC</createdTime>
<ownerDesignName>ALDEN DB MODEL</ownerDesignName>
<engineerTo>
<item key="F6BD0762-E0E7-BE53-5686-391C7FD2EE11" value="true"/>
</engineerTo>
<adequatelyNormalized>NO</adequatelyNormalized>
<expectedVolumes>0</expectedVolumes>
<fwdEngineeringStrategyName>Single Table</fwdEngineeringStrategyName>
<growthPercent>0</growthPercent>
<growthType>Year</growthType>
<maxVolumes>9999999</maxVolumes>
<minVolumes>0</minVolumes>
<normalForm>Third</normalForm>
<attributes itemClass="oracle.dbtools.crest.model.design.logical.Attribute">
<Attribute name="ID" id="6A58119C-4D05-7B8A-94C2-2850D4571513">
<createdBy>student</createdBy>
<createdTime>2025-02-22 02:19:07 UTC</createdTime>
<ownerDesignName>ALDEN DB MODEL</ownerDesignName>
<engineerTo>
<item key="F6BD0762-E0E7-BE53-5686-391C7FD2EE11" value="true"/>
</engineerTo>
<useDomainConstraints>false</useDomainConstraints>
<use>1</use>
<logicalDatatype>LOGDT011</logicalDatatype>
<ownDataTypeParameters>,,</ownDataTypeParameters>
</Attribute>
<Attribute name="GRANTED_AMOUNT" id="786D5AA1-FB12-FE8B-41DC-3D9AEB2496B4">
<createdBy>student</createdBy>
<createdTime>2025-02-22 02:19:35 UTC</createdTime>
<ownerDesignName>ALDEN DB MODEL</ownerDesignName>
<engineerTo>
<item key="F6BD0762-E0E7-BE53-5686-391C7FD2EE11" value="true"/>
</engineerTo>
<useDomainConstraints>false</useDomainConstraints>
<use>1</use>
<logicalDatatype>LOGDT019</logicalDatatype>
<dataTypePrecision>2</dataTypePrecision>
<ownDataTypeParameters>,2,</ownDataTypeParameters>
</Attribute>
<Attribute name="DISBURSEMENT_STATUS" id="CB339196-FAD6-9C0C-BA30-922B7775A8D6">
<createdBy>student</createdBy>
<createdTime>2025-02-22 02:19:56 UTC</createdTime>
<ownerDesignName>ALDEN DB MODEL</ownerDesignName>
<engineerTo>
<item key="F6BD0762-E0E7-BE53-5686-391C7FD2EE11" value="true"/>
</engineerTo>
<nullsAllowed>true</nullsAllowed>
<useDomainConstraints>false</useDomainConstraints>
<use>1</use>
<logicalDatatype>LOGDT011</logicalDatatype>
<ownDataTypeParameters>,,</ownDataTypeParameters>
</Attribute>
<Attribute name="BENEFICIARY_ID" id="AFA9EDBB-76D5-1ABC-219F-51DD9DE61AA6">
<createdBy>student</createdBy>
<createdTime>2025-02-22 02:30:04 UTC</createdTime>
<ownerDesignName>ALDEN DB MODEL</ownerDesignName>
<engineerTo>
<item key="F6BD0762-E0E7-BE53-5686-391C7FD2EE11" value="true"/>
</engineerTo>
<useDomainConstraints>false</useDomainConstraints>
<use>1</use>
<logicalDatatype>LOGDT011</logicalDatatype>
<ownDataTypeParameters>,,</ownDataTypeParameters>
</Attribute>
<Attribute name="PAYROLL_ID" id="6122E613-0795-C841-EF43-EC9F99DDCD1C">
<createdBy>student</createdBy>
<createdTime>2025-02-22 02:51:41 UTC</createdTime>
<ownerDesignName>ALDEN DB MODEL</ownerDesignName>
<engineerTo>
<item key="F6BD0762-E0E7-BE53-5686-391C7FD2EE11" value="true"/>
</engineerTo>
<useDomainConstraints>false</useDomainConstraints>
<use>1</use>
<logicalDatatype>LOGDT011</logicalDatatype>
<ownDataTypeParameters>,,</ownDataTypeParameters>
</Attribute>
<Attribute name="ID1" id="45C81018-8560-32D6-300A-F9E917712820">
<createdBy>student</createdBy>
<createdTime>2025-02-22 05:34:36 UTC</createdTime>
<generatorID>28D2EE26-5D46-92DD-33A4-E9B01B4A4378</generatorID>
<ownerDesignName>ALDEN DB MODEL</ownerDesignName>
<engineerTo>
<item key="F6BD0762-E0E7-BE53-5686-391C7FD2EE11" value="true"/>
</engineerTo>
<referedAttribute>96AE70AE-A629-DC5E-37B2-9B8E5E7E994D</referedAttribute>
<useDomainConstraints>false</useDomainConstraints>
<use>1</use>
<logicalDatatype>LOGDT011</logicalDatatype>
<ownDataTypeParameters>,,</ownDataTypeParameters>
</Attribute>
<Attribute name="ID11" id="B1EBF1A7-7CF6-9389-4B0B-BB59F27143FB">
<createdBy>student</createdBy>
<createdTime>2025-02-22 05:34:36 UTC</createdTime>
<generatorID>28D2EE26-5D46-92DD-33A4-E9B01B4A4378</generatorID>
<ownerDesignName>ALDEN DB MODEL</ownerDesignName>
<engineerTo>
<item key="F6BD0762-E0E7-BE53-5686-391C7FD2EE11" value="true"/>
</engineerTo>
<referedAttribute>8FDA80C5-41B0-2840-DA7D-E6B6F6EA21F8</referedAttribute>
<useDomainConstraints>false</useDomainConstraints>
<use>1</use>
<logicalDatatype>LOGDT011</logicalDatatype>
<ownDataTypeParameters>,,</ownDataTypeParameters>
</Attribute>
<Attribute name="ID2" id="24A083C6-E1B0-CA10-4259-0D818AD6C092">
<createdBy>student</createdBy>
<createdTime>2025-02-22 05:45:41 UTC</createdTime>
<generatorID>73A062B2-051D-5154-1A44-639A52E5670E</generatorID>
<ownerDesignName>ALDEN DB MODEL</ownerDesignName>
<engineerTo>
<item key="F6BD0762-E0E7-BE53-5686-391C7FD2EE11" value="true"/>
</engineerTo>
<referedAttribute>CA63D589-6DE5-AA84-C67D-D8FAEAD8F3C7</referedAttribute>
<useDomainConstraints>false</useDomainConstraints>
<use>1</use>
<logicalDatatype>LOGDT011</logicalDatatype>
<ownDataTypeParameters>,,</ownDataTypeParameters>
</Attribute>
<Attribute name="BRGY_PSGC" id="08DE1EC3-B123-4174-6B3B-293CEA0ED82D">
<createdBy>student</createdBy>
<createdTime>2025-02-22 05:51:56 UTC</createdTime>
<generatorID>73A062B2-051D-5154-1A44-639A52E5670E</generatorID>
<ownerDesignName>ALDEN DB MODEL</ownerDesignName>
<engineerTo>
<item key="F6BD0762-E0E7-BE53-5686-391C7FD2EE11" value="true"/>
</engineerTo>
<referedAttribute>FFBBD43E-CE51-9BF5-CB67-46BD7E2592B1</referedAttribute>
<useDomainConstraints>false</useDomainConstraints>
<use>1</use>
<logicalDatatype>LOGDT011</logicalDatatype>
<ownDataTypeParameters>,,</ownDataTypeParameters>
</Attribute>
<Attribute name="MUNI_PSGC1" id="3FC9A552-95C8-641C-0448-48EA74761862">
<createdBy>student</createdBy>
<createdTime>2025-02-22 05:51:56 UTC</createdTime>
<generatorID>73A062B2-051D-5154-1A44-639A52E5670E</generatorID>
<ownerDesignName>ALDEN DB MODEL</ownerDesignName>
<engineerTo>
<item key="F6BD0762-E0E7-BE53-5686-391C7FD2EE11" value="true"/>
</engineerTo>
<referedAttribute>878A513A-A469-F259-6BD1-87EBDE61BC0C</referedAttribute>
<useDomainConstraints>false</useDomainConstraints>
<use>1</use>
<logicalDatatype>LOGDT011</logicalDatatype>
<ownDataTypeParameters>,,</ownDataTypeParameters>
</Attribute>
<Attribute name="MUNI_PSGC11" id="9E9BA151-EDE1-CF30-278A-8E3EE03EE016">
<createdBy>student</createdBy>
<createdTime>2025-02-22 05:51:56 UTC</createdTime>
<generatorID>73A062B2-051D-5154-1A44-639A52E5670E</generatorID>
<ownerDesignName>ALDEN DB MODEL</ownerDesignName>
<engineerTo>
<item key="F6BD0762-E0E7-BE53-5686-391C7FD2EE11" value="true"/>
</engineerTo>
<referedAttribute>CC24080E-2109-F42D-F255-1BA8B1A11F47</referedAttribute>
<useDomainConstraints>false</useDomainConstraints>
<use>1</use>
<logicalDatatype>LOGDT011</logicalDatatype>
<ownDataTypeParameters>,,</ownDataTypeParameters>
</Attribute>
<Attribute name="PROV_PSGC1" id="C1BA020B-CAD5-6030-85FA-7D27FF3C3964">
<createdBy>student</createdBy>
<createdTime>2025-02-22 05:51:56 UTC</createdTime>
<generatorID>73A062B2-051D-5154-1A44-639A52E5670E</generatorID>
<ownerDesignName>ALDEN DB MODEL</ownerDesignName>
<engineerTo>
<item key="F6BD0762-E0E7-BE53-5686-391C7FD2EE11" value="true"/>
</engineerTo>
<referedAttribute>AC5EFC78-D179-34DB-410D-5EE11B0AC6E9</referedAttribute>
<useDomainConstraints>false</useDomainConstraints>
<use>1</use>
<logicalDatatype>LOGDT011</logicalDatatype>
<ownDataTypeParameters>,,</ownDataTypeParameters>
</Attribute>
<Attribute name="REG_PSGC1" id="C1A20153-E608-B952-6DDA-A7BDD5226257">
<createdBy>student</createdBy>
<createdTime>2025-02-22 05:51:56 UTC</createdTime>
<generatorID>73A062B2-051D-5154-1A44-639A52E5670E</generatorID>
<ownerDesignName>ALDEN DB MODEL</ownerDesignName>
<engineerTo>
<item key="F6BD0762-E0E7-BE53-5686-391C7FD2EE11" value="true"/>
</engineerTo>
<referedAttribute>7B318F4F-7F03-7606-66EB-0B74E5B1DB21</referedAttribute>
<useDomainConstraints>false</useDomainConstraints>
<use>1</use>
<logicalDatatype>LOGDT011</logicalDatatype>
<ownDataTypeParameters>,,</ownDataTypeParameters>
</Attribute>
</attributes>
<identifiers itemClass="oracle.dbtools.crest.model.design.logical.CandidateKey">
<identifier id="912F7439-F35D-FA85-2682-92754B1B0E1E" name="PR_DET_PK">
<createdBy>student</createdBy>
<createdTime>2025-02-22 02:19:16 UTC</createdTime>
<ownerDesignName>ALDEN DB MODEL</ownerDesignName>
<engineerTo>
<item key="F6BD0762-E0E7-BE53-5686-391C7FD2EE11" value="true"/>
</engineerTo>
<pk>true</pk>
<newElementsIDs>6A58119C-4D05-7B8A-94C2-2850D4571513,45C81018-8560-32D6-300A-F9E917712820,B1EBF1A7-7CF6-9389-4B0B-BB59F27143FB,24A083C6-E1B0-CA10-4259-0D818AD6C092,08DE1EC3-B123-4174-6B3B-293CEA0ED82D,3FC9A552-95C8-641C-0448-48EA74761862,9E9BA151-EDE1-CF30-278A-8E3EE03EE016,C1BA020B-CAD5-6030-85FA-7D27FF3C3964,C1A20153-E608-B952-6DDA-A7BDD5226257</newElementsIDs>
<usedAttributes>
<attributeRef>6A58119C-4D05-7B8A-94C2-2850D4571513</attributeRef>
<attributeRef>45C81018-8560-32D6-300A-F9E917712820</attributeRef>
<attributeRef>B1EBF1A7-7CF6-9389-4B0B-BB59F27143FB</attributeRef>
<attributeRef>24A083C6-E1B0-CA10-4259-0D818AD6C092</attributeRef>
<attributeRef>08DE1EC3-B123-4174-6B3B-293CEA0ED82D</attributeRef>
<attributeRef>3FC9A552-95C8-641C-0448-48EA74761862</attributeRef>
<attributeRef>9E9BA151-EDE1-CF30-278A-8E3EE03EE016</attributeRef>
<attributeRef>C1BA020B-CAD5-6030-85FA-7D27FF3C3964</attributeRef>
<attributeRef>C1A20153-E608-B952-6DDA-A7BDD5226257</attributeRef>
</usedAttributes>
</identifier>
<identifier id="CACB7A19-6821-284A-CE5A-E61FF9E5912A" name="PD_PR_FK">
<createdBy>student</createdBy>
<createdTime>2025-02-22 05:33:34 UTC</createdTime>
<ownerDesignName>ALDEN DB MODEL</ownerDesignName>
<engineerTo>
<item key="F6BD0762-E0E7-BE53-5686-391C7FD2EE11" value="true"/>
</engineerTo>
<newElementsIDs>6122E613-0795-C841-EF43-EC9F99DDCD1C</newElementsIDs>
<usedAttributes>
<attributeRef>6122E613-0795-C841-EF43-EC9F99DDCD1C</attributeRef>
</usedAttributes>
</identifier>
<identifier id="080C0E1C-1868-1884-20B7-9D5F8634207C" name="PD_BEN_FK">
<createdBy>student</createdBy>
<createdTime>2025-02-22 05:44:36 UTC</createdTime>
<ownerDesignName>ALDEN DB MODEL</ownerDesignName>
<engineerTo>
<item key="F6BD0762-E0E7-BE53-5686-391C7FD2EE11" value="true"/>
</engineerTo>
<newElementsIDs>AFA9EDBB-76D5-1ABC-219F-51DD9DE61AA6</newElementsIDs>
<usedAttributes>
<attributeRef>AFA9EDBB-76D5-1ABC-219F-51DD9DE61AA6</attributeRef>
</usedAttributes>
</identifier>
</identifiers>
</Entity>