<?xml version = '1.0' encoding = 'UTF-8'?>
<Entity class="oracle.dbtools.crest.model.design.logical.Entity" directorySegmentName="seg_0" id="D72E613B-252E-AF49-8C90-B42B1ABAD4C1" name="EMPLOYEE">
<createdBy>student</createdBy>
<createdTime>2025-02-22 02:54:04 UTC</createdTime>
<ownerDesignName>ALDEN DB MODEL</ownerDesignName>
<engineerTo>
<item key="F6BD0762-E0E7-BE53-5686-391C7FD2EE11" value="true"/>
</engineerTo>
<adequatelyNormalized>NO</adequatelyNormalized>
<expectedVolumes>0</expectedVolumes>
<fwdEngineeringStrategyName>Single Table</fwdEngineeringStrategyName>
<growthPercent>0</growthPercent>
<growthType>Year</growthType>
<maxVolumes>9999999</maxVolumes>
<minVolumes>0</minVolumes>
<normalForm>Third</normalForm>
<shortName>EMP</shortName>
<attributes itemClass="oracle.dbtools.crest.model.design.logical.Attribute">
<Attribute name="ID" id="7637EABE-8327-9873-1467-FEC9DB4D9F44">
<createdBy>student</createdBy>
<createdTime>2025-02-22 02:54:15 UTC</createdTime>
<ownerDesignName>ALDEN DB MODEL</ownerDesignName>
<engineerTo>
<item key="F6BD0762-E0E7-BE53-5686-391C7FD2EE11" value="true"/>
</engineerTo>
<useDomainConstraints>false</useDomainConstraints>
<use>1</use>
<logicalDatatype>LOGDT011</logicalDatatype>
<ownDataTypeParameters>,,</ownDataTypeParameters>
</Attribute>
<Attribute name="FIRST_NAME" id="2E22D53F-2C9E-C3D0-8E1E-77171F2923B3">
<createdBy>student</createdBy>
<createdTime>2025-02-22 02:54:24 UTC</createdTime>
<ownerDesignName>ALDEN DB MODEL</ownerDesignName>
<engineerTo>
<item key="F6BD0762-E0E7-BE53-5686-391C7FD2EE11" value="true"/>
</engineerTo>
<useDomainConstraints>false</useDomainConstraints>
<use>1</use>
<logicalDatatype>LOGDT024</logicalDatatype>
<dataTypeSize>50</dataTypeSize>
<ownDataTypeParameters>50,,</ownDataTypeParameters>
</Attribute>
<Attribute name="MIDDLE_NAME" id="E4796910-401D-1020-7C7D-7C02F31E3FF9">
<createdBy>student</createdBy>
<createdTime>2025-02-22 02:55:00 UTC</createdTime>
<ownerDesignName>ALDEN DB MODEL</ownerDesignName>
<engineerTo>
<item key="F6BD0762-E0E7-BE53-5686-391C7FD2EE11" value="true"/>
</engineerTo>
<nullsAllowed>true</nullsAllowed>
<useDomainConstraints>false</useDomainConstraints>
<use>1</use>
<logicalDatatype>LOGDT024</logicalDatatype>
<dataTypeSize>20</dataTypeSize>
<ownDataTypeParameters>20,,</ownDataTypeParameters>
</Attribute>
<Attribute name="LASTNAME" id="2C99F429-4CF7-10DD-737F-790EC712A144">
<createdBy>student</createdBy>
<createdTime>2025-02-22 02:55:09 UTC</createdTime>
<ownerDesignName>ALDEN DB MODEL</ownerDesignName>
<engineerTo>
<item key="F6BD0762-E0E7-BE53-5686-391C7FD2EE11" value="true"/>
</engineerTo>
<useDomainConstraints>false</useDomainConstraints>
<use>1</use>
<logicalDatatype>LOGDT024</logicalDatatype>
<dataTypeSize>50</dataTypeSize>
<ownDataTypeParameters>50,,</ownDataTypeParameters>
</Attribute>
<Attribute name="ASSIGNMENT_ID" id="E92119CA-BDE1-8119-842D-A43EF5B19385">
<createdBy>student</createdBy>
<createdTime>2025-02-22 02:55:58 UTC</createdTime>
<commentInRDBMS><![CDATA[BARANGAY PSGC]]></commentInRDBMS>
<ownerDesignName>ALDEN DB MODEL</ownerDesignName>
<engineerTo>
<item key="F6BD0762-E0E7-BE53-5686-391C7FD2EE11" value="true"/>
</engineerTo>
<nullsAllowed>true</nullsAllowed>
<useDomainConstraints>false</useDomainConstraints>
<use>1</use>
<logicalDatatype>LOGDT011</logicalDatatype>
<ownDataTypeParameters>,,</ownDataTypeParameters>
</Attribute>
<Attribute name="POSITION_ID" id="06789942-1729-BDBC-A2E8-D588ABAAFE3E">
<createdBy>student</createdBy>
<createdTime>2025-02-22 02:56:39 UTC</createdTime>
<ownerDesignName>ALDEN DB MODEL</ownerDesignName>
<engineerTo>
<item key="F6BD0762-E0E7-BE53-5686-391C7FD2EE11" value="true"/>
</engineerTo>
<nullsAllowed>true</nullsAllowed>
<useDomainConstraints>false</useDomainConstraints>
<use>1</use>
<logicalDatatype>LOGDT011</logicalDatatype>
<ownDataTypeParameters>,,</ownDataTypeParameters>
</Attribute>
<Attribute name="EMPLOYEE_ID" id="F07199C7-9443-4C67-B8D8-5912F9DE3BE9">
<createdBy>student</createdBy>
<createdTime>2025-02-22 04:49:02 UTC</createdTime>
<generatorID>371CD572-A210-E707-CBFE-6E590A4D1BE6</generatorID>
<ownerDesignName>ALDEN DB MODEL</ownerDesignName>
<engineerTo>
<item key="F6BD0762-E0E7-BE53-5686-391C7FD2EE11" value="true"/>
</engineerTo>
<referedAttribute>1853F4F5-E99B-A925-F8F0-D94E0D6BC80A</referedAttribute>
<useDomainConstraints>false</useDomainConstraints>
<use>1</use>
<logicalDatatype>LOGDT011</logicalDatatype>
<ownDataTypeParameters>,,</ownDataTypeParameters>
</Attribute>
<Attribute name="ID1" id="1743DDC4-5802-EEF1-025E-AFEAF5F0E0D8">
<createdBy>student</createdBy>
<createdTime>2025-02-22 04:56:47 UTC</createdTime>
<generatorID>604CA257-6EAA-3AE9-A69D-1FE79F9949EA</generatorID>
<ownerDesignName>ALDEN DB MODEL</ownerDesignName>
<engineerTo>
<item key="F6BD0762-E0E7-BE53-5686-391C7FD2EE11" value="true"/>
</engineerTo>
<referedAttribute>97C11947-DC9F-C130-F465-F9F6CD462C53</referedAttribute>
<useDomainConstraints>false</useDomainConstraints>
<use>1</use>
<logicalDatatype>LOGDT011</logicalDatatype>
<ownDataTypeParameters>,,</ownDataTypeParameters>
</Attribute>
</attributes>
<identifiers itemClass="oracle.dbtools.crest.model.design.logical.CandidateKey">
<identifier id="4327E729-8411-A000-F493-BDEAC7897BC7" name="EMP_PK">
<createdBy>student</createdBy>
<createdTime>2025-02-22 02:54:22 UTC</createdTime>
<ownerDesignName>ALDEN DB MODEL</ownerDesignName>
<shouldEngineer>false</shouldEngineer>
<engineerTo>
<item key="F6BD0762-E0E7-BE53-5686-391C7FD2EE11" value="false"/>
</engineerTo>
<pk>true</pk>
<newElementsIDs>7637EABE-8327-9873-1467-FEC9DB4D9F44,1743DDC4-5802-EEF1-025E-AFEAF5F0E0D8</newElementsIDs>
<usedAttributes>
<attributeRef>7637EABE-8327-9873-1467-FEC9DB4D9F44</attributeRef>
<attributeRef>1743DDC4-5802-EEF1-025E-AFEAF5F0E0D8</attributeRef>
</usedAttributes>
</identifier>
<identifier id="D5661A16-644C-2651-9240-4A24E685731C" name="EMP_POS_FK">
<createdBy>student</createdBy>
<createdTime>2025-02-22 04:55:03 UTC</createdTime>
<ownerDesignName>ALDEN DB MODEL</ownerDesignName>
<shouldEngineer>false</shouldEngineer>
<engineerTo>
<item key="F6BD0762-E0E7-BE53-5686-391C7FD2EE11" value="false"/>
</engineerTo>
<newElementsIDs>06789942-1729-BDBC-A2E8-D588ABAAFE3E</newElementsIDs>
<usedAttributes>
<attributeRef>06789942-1729-BDBC-A2E8-D588ABAAFE3E</attributeRef>
</usedAttributes>
</identifier>
</identifiers>
</Entity>