<?xml version = '1.0' encoding = 'UTF-8'?>
<Entity class="oracle.dbtools.crest.model.design.logical.Entity" directorySegmentName="seg_0" id="FDBDD0C3-9B68-0991-2C3C-B097D37D0D23" name="ACCESS_ROLE">
<createdBy>student</createdBy>
<createdTime>2025-02-22 03:06:10 UTC</createdTime>
<ownerDesignName>ALDEN DB MODEL</ownerDesignName>
<engineerTo>
<item key="F6BD0762-E0E7-BE53-5686-391C7FD2EE11" value="true"/>
</engineerTo>
<adequatelyNormalized>NO</adequatelyNormalized>
<expectedVolumes>0</expectedVolumes>
<fwdEngineeringStrategyName>Single Table</fwdEngineeringStrategyName>
<growthPercent>0</growthPercent>
<growthType>Year</growthType>
<maxVolumes>9999999</maxVolumes>
<minVolumes>0</minVolumes>
<normalForm>Third</normalForm>
<attributes itemClass="oracle.dbtools.crest.model.design.logical.Attribute">
<Attribute name="ROLE_ID" id="83AE731F-DA97-5A26-AD88-75CAB4F99C26">
<createdBy>student</createdBy>
<createdTime>2025-02-22 03:06:17 UTC</createdTime>
<ownerDesignName>ALDEN DB MODEL</ownerDesignName>
<engineerTo>
<item key="F6BD0762-E0E7-BE53-5686-391C7FD2EE11" value="true"/>
</engineerTo>
<useDomainConstraints>false</useDomainConstraints>
<use>1</use>
<logicalDatatype>LOGDT011</logicalDatatype>
<ownDataTypeParameters>,,</ownDataTypeParameters>
</Attribute>
<Attribute name="STATUS" id="66E1B9E6-6DD4-E87D-10FA-FE0A370E64FA">
<createdBy>student</createdBy>
<createdTime>2025-02-22 03:06:26 UTC</createdTime>
<ownerDesignName>ALDEN DB MODEL</ownerDesignName>
<engineerTo>
<item key="F6BD0762-E0E7-BE53-5686-391C7FD2EE11" value="true"/>
</engineerTo>
<useDomainConstraints>false</useDomainConstraints>
<use>1</use>
<logicalDatatype>LOGDT024</logicalDatatype>
<dataTypeSize>30</dataTypeSize>
<ownDataTypeParameters>30,,</ownDataTypeParameters>
</Attribute>
<Attribute name="ROLE" id="F78F4A92-2711-D9DD-FF1F-AFEEFA4F9EC7">
<createdBy>student</createdBy>
<createdTime>2025-02-22 03:07:09 UTC</createdTime>
<ownerDesignName>ALDEN DB MODEL</ownerDesignName>
<engineerTo>
<item key="F6BD0762-E0E7-BE53-5686-391C7FD2EE11" value="true"/>
</engineerTo>
<useDomainConstraints>false</useDomainConstraints>
<use>1</use>
<logicalDatatype>LOGDT024</logicalDatatype>
<dataTypeSize>30</dataTypeSize>
<ownDataTypeParameters>30,,</ownDataTypeParameters>
</Attribute>
</attributes>
<identifiers itemClass="oracle.dbtools.crest.model.design.logical.CandidateKey">
<identifier id="84189863-3157-0708-4298-ECE4348FCD81" name="AR_PK">
<createdBy>student</createdBy>
<createdTime>2025-02-22 03:06:22 UTC</createdTime>
<ownerDesignName>ALDEN DB MODEL</ownerDesignName>
<shouldEngineer>false</shouldEngineer>
<engineerTo>
<item key="F6BD0762-E0E7-BE53-5686-391C7FD2EE11" value="false"/>
</engineerTo>
<pk>true</pk>
<newElementsIDs>83AE731F-DA97-5A26-AD88-75CAB4F99C26</newElementsIDs>
<usedAttributes>
<attributeRef>83AE731F-DA97-5A26-AD88-75CAB4F99C26</attributeRef>
</usedAttributes>
</identifier>
</identifiers>
</Entity>