<?xml version = '1.0' encoding = 'UTF-8'?>
<relationalModel class="oracle.dbtools.crest.model.design.relational.RelationalDesign" name="Relational_1" id="F6BD0762-E0E7-BE53-5686-391C7FD2EE11" mainViewID="B5DC77F0-0B9C-B4C6-EDE5-71266AEF8B26">
<createdBy>student</createdBy>
<createdTime>2025-02-22 01:35:04 UTC</createdTime>
<ownerDesignName>ALDEN DB MODEL</ownerDesignName>
<shouldBeOpen>false</shouldBeOpen>
<selectedRDBMSSite>32076570-2523-435C-2E92-BF29817DFF70</selectedRDBMSSite>
</relationalModel>